tag,fold,side,split,thr,n,win_rate,mean_pl,sum_pl
lstm_v2_base,1,buy,val,0.5,10141,0.5455083325115866,0.17512372136116028,1775.9296875
lstm_v2_base,1,buy,val,0.51,9915,0.5475542107917297,0.45441141724586487,4505.4892578125
lstm_v2_base,1,buy,val,0.52,9720,0.5488683127572016,0.7328165173530579,7122.9765625
lstm_v2_base,1,buy,val,0.53,9501,0.5520471529312704,1.346827745437622,12796.2099609375
lstm_v2_base,1,buy,val,0.54,9277,0.5542740109949337,1.3766252994537354,12770.953125
lstm_v2_base,1,buy,val,0.55,9010,0.5554938956714761,0.8625807762145996,7771.8525390625
lstm_v2_base,1,buy,val,0.56,8705,0.5582998276852383,0.7375332117080688,6420.2265625
lstm_v2_base,1,buy,val,0.57,8401,0.5637424116176646,1.7980296611785889,15105.2470703125
lstm_v2_base,1,buy,val,0.58,8029,0.5703076348237639,2.416104793548584,19398.90625
lstm_v2_base,1,buy,val,0.59,7687,0.575256927279823,3.166304111480713,24339.37890625
lstm_v2_base,1,buy,val,0.6,7375,0.5792542372881356,3.6331870555877686,26794.75390625
lstm_v2_base,1,buy,val,0.61,6998,0.5851671906258931,4.31262731552124,30179.765625
lstm_v2_base,1,buy,val,0.62,6638,0.5888821934317565,4.713112831115723,31285.64453125
lstm_v2_base,1,buy,val,0.63,6291,0.5929105070735972,4.432478427886963,27884.72265625
lstm_v2_base,1,buy,val,0.64,5913,0.6005411804498563,6.110228538513184,36129.78125
lstm_v2_base,1,buy,val,0.65,5541,0.6081934668832341,7.37510871887207,40865.4765625
lstm_v2_base,1,buy,val,0.66,5217,0.610504121142419,6.907562732696533,36036.75390625
lstm_v2_base,1,buy,val,0.67,4876,0.616078753076292,7.439425945281982,36274.640625
lstm_v2_base,1,buy,val,0.68,4514,0.6236154186973859,8.449196815490723,38139.67578125
lstm_v2_base,1,buy,val,0.69,4137,0.6267826927725405,8.249337196350098,34127.5078125
lstm_v2_base,1,buy,val,0.7,3788,0.6317317845828934,8.707737922668457,32984.91015625
lstm_v2_base,1,buy,val,0.71,3423,0.6330704060765411,8.057577133178711,27581.0859375
lstm_v2_base,1,buy,val,0.72,3093,0.6420950533462657,11.07896614074707,34267.2421875
lstm_v2_base,1,buy,val,0.73,2714,0.6440677966101694,10.274160385131836,27884.0703125
lstm_v2_base,1,buy,val,0.74,2393,0.644797325532804,8.458706855773926,20241.685546875
lstm_v2_base,1,buy,val,0.75,2075,0.6506024096385542,10.026009559631348,20803.970703125
lstm_v2_base,1,buy,val,0.76,1773,0.6474901297236323,6.077454090118408,10775.326171875
lstm_v2_base,1,buy,val,0.77,1521,0.6502301117685733,6.692479610443115,10179.26171875
lstm_v2_base,1,buy,val,0.78,1272,0.6611635220125787,11.495020866394043,14621.666015625
lstm_v2_base,1,buy,val,0.79,1047,0.6838586437440306,20.440948486328125,21401.673828125
lstm_v2_base,1,buy,val,0.8,862,0.6867749419953596,22.946115493774414,19779.55078125
lstm_v2_base,1,buy,val,0.81,648,0.6820987654320988,19.37445831298828,12554.6484375
lstm_v2_base,1,buy,val,0.82,482,0.6804979253112033,15.308425903320312,7378.6611328125
lstm_v2_base,1,buy,val,0.83,335,0.6686567164179105,3.9848122596740723,1334.912109375
lstm_v2_base,1,buy,val,0.84,217,0.6589861751152074,-13.265912055969238,-2878.702880859375
lstm_v2_base,1,buy,val,0.85,128,0.7109375,5.2827467918396,676.1915893554688
lstm_v2_base,1,buy,val,0.0,14290,0.5115465360391882,-2.4572696685791016,-35114.3828125
lstm_v2_base,1,buy,test,0.5,14314,0.5767779796003912,7.007312774658203,100302.671875
lstm_v2_base,1,buy,test,0.51,13823,0.5805541488822976,7.682602882385254,106196.6171875
lstm_v2_base,1,buy,test,0.52,13337,0.5829646847117043,7.960321426391602,106166.8046875
lstm_v2_base,1,buy,test,0.53,12851,0.5844681347755039,8.428608894348145,108316.046875
lstm_v2_base,1,buy,test,0.54,12314,0.5869741757349358,8.636098861694336,106344.921875
lstm_v2_base,1,buy,test,0.55,11776,0.5912873641304348,8.787348747253418,103479.8203125
lstm_v2_base,1,buy,test,0.56,11237,0.5954436237429919,9.44942855834961,106183.2265625
lstm_v2_base,1,buy,test,0.57,10738,0.5989942261128702,9.875455856323242,106042.6484375
lstm_v2_base,1,buy,test,0.58,10177,0.6033212145032918,10.743432998657227,109335.9140625
lstm_v2_base,1,buy,test,0.59,9612,0.6045568039950062,10.185848236083984,97906.375
lstm_v2_base,1,buy,test,0.6,9073,0.607406590984239,10.609481811523438,96259.828125
lstm_v2_base,1,buy,test,0.61,8514,0.6120507399577167,10.868155479431152,92531.4765625
lstm_v2_base,1,buy,test,0.62,7975,0.6189341692789969,12.020211219787598,95861.1875
lstm_v2_base,1,buy,test,0.63,7430,0.6244952893674294,12.818443298339844,95241.03125
lstm_v2_base,1,buy,test,0.64,6915,0.6306579898770788,13.838029861450195,95689.9765625
lstm_v2_base,1,buy,test,0.65,6413,0.6394823015749259,16.090164184570312,103186.21875
lstm_v2_base,1,buy,test,0.66,5908,0.6438727149627623,16.16941261291504,95528.890625
lstm_v2_base,1,buy,test,0.67,5471,0.6466825077682326,15.81232738494873,86509.2421875
lstm_v2_base,1,buy,test,0.68,4997,0.6521913147888734,15.993685722351074,79920.4453125
lstm_v2_base,1,buy,test,0.69,4529,0.6555531022300729,15.726720809936523,71226.3203125
lstm_v2_base,1,buy,test,0.7,4121,0.6605192914341179,15.92176342010498,65613.5859375
lstm_v2_base,1,buy,test,0.71,3681,0.6568867155664222,13.7532958984375,50625.8828125
lstm_v2_base,1,buy,test,0.72,3231,0.6632621479418137,15.76134967803955,50924.921875
lstm_v2_base,1,buy,test,0.73,2850,0.6603508771929825,13.407297134399414,38210.796875
lstm_v2_base,1,buy,test,0.74,2467,0.6631536278881233,13.648079872131348,33669.8125
lstm_v2_base,1,buy,test,0.75,2125,0.6569411764705883,9.400308609008789,19975.65625
lstm_v2_base,1,buy,test,0.76,1777,0.6601012943162634,10.776594161987305,19150.0078125
lstm_v2_base,1,buy,test,0.77,1498,0.6682242990654206,14.164263725280762,21218.06640625
lstm_v2_base,1,buy,test,0.78,1253,0.6735833998403831,17.27543830871582,21646.123046875
lstm_v2_base,1,buy,test,0.79,1037,0.6692381870781099,12.94216537475586,13421.025390625
lstm_v2_base,1,buy,test,0.8,812,0.6822660098522167,19.0048885345459,15431.9697265625
lstm_v2_base,1,buy,test,0.81,595,0.680672268907563,15.941347122192383,9485.1015625
lstm_v2_base,1,buy,test,0.82,424,0.6768867924528302,15.080184936523438,6393.99853515625
lstm_v2_base,1,buy,test,0.83,307,0.6677524429967426,10.651426315307617,3269.98779296875
lstm_v2_base,1,buy,test,0.84,200,0.695,16.509408950805664,3301.8818359375
lstm_v2_base,1,buy,test,0.85,106,0.6886792452830188,9.341535568237305,990.2027587890625
lstm_v2_base,1,buy,test,0.0,25286,0.5314798702839516,5.37785005569458,135984.3125
lstm_v2_base,1,sell,val,0.5,3691,0.6399349769710105,32.1258430480957,118576.4921875
lstm_v2_base,1,sell,val,0.51,3186,0.650345260514752,34.28403091430664,109228.921875
lstm_v2_base,1,sell,val,0.52,2752,0.6638808139534884,36.73466491699219,101093.796875
lstm_v2_base,1,sell,val,0.53,2400,0.6708333333333333,37.82005310058594,90768.125
lstm_v2_base,1,sell,val,0.54,2099,0.6755597903763697,37.89023208618164,79531.59375
lstm_v2_base,1,sell,val,0.55,1879,0.6828100053219798,39.66268539428711,74526.1875
lstm_v2_base,1,sell,val,0.56,1674,0.6929510155316607,44.268489837646484,74105.453125
lstm_v2_base,1,sell,val,0.57,1476,0.698509485094851,44.71337890625,65996.9453125
lstm_v2_base,1,sell,val,0.58,1226,0.7071778140293637,48.06976318359375,58933.53125
lstm_v2_base,1,sell,val,0.59,1081,0.7086031452358927,50.332313537597656,54409.23046875
lstm_v2_base,1,sell,val,0.6,953,0.7135362014690452,53.508758544921875,50993.84765625
lstm_v2_base,1,sell,val,0.61,830,0.7228915662650602,59.720703125,49568.18359375
lstm_v2_base,1,sell,val,0.62,710,0.7253521126760564,58.632877349853516,41629.34375
lstm_v2_base,1,sell,val,0.63,588,0.7227891156462585,54.35649108886719,31961.6171875
lstm_v2_base,1,sell,val,0.64,484,0.7458677685950413,65.96243286132812,31925.81640625
lstm_v2_base,1,sell,val,0.65,409,0.7310513447432763,59.846405029296875,24477.1796875
lstm_v2_base,1,sell,val,0.66,334,0.7544910179640718,74.96365356445312,25037.861328125
lstm_v2_base,1,sell,val,0.67,282,0.7588652482269503,77.91878509521484,21973.09765625
lstm_v2_base,1,sell,val,0.68,226,0.7566371681415929,83.34410095214844,18835.767578125
lstm_v2_base,1,sell,val,0.69,178,0.7584269662921348,101.8512954711914,18129.53125
lstm_v2_base,1,sell,val,0.7,132,0.7727272727272727,123.21601867675781,16264.5146484375
lstm_v2_base,1,sell,val,0.71,91,0.7362637362637363,117.55994415283203,10697.955078125
lstm_v2_base,1,sell,val,0.72,64,0.71875,148.885986328125,9528.703125
lstm_v2_base,1,sell,val,0.73,43,0.6744186046511628,172.53900146484375,7419.17724609375
lstm_v2_base,1,sell,val,0.74,29,0.8620689655172413,339.1953430175781,9836.6650390625
lstm_v2_base,1,sell,val,0.75,18,0.8888888888888888,540.080322265625,9721.4462890625
lstm_v2_base,1,sell,val,0.76,16,0.875,600.0137939453125,9600.220703125
lstm_v2_base,1,sell,val,0.77,11,1.0,845.4579467773438,9300.037109375
lstm_v2_base,1,sell,val,0.78,10,1.0,827.5545043945312,8275.544921875
lstm_v2_base,1,sell,val,0.79,8,1.0,815.3158569335938,6522.52685546875
lstm_v2_base,1,sell,val,0.8,7,1.0,813.365234375,5693.556640625
lstm_v2_base,1,sell,val,0.81,6,1.0,856.8181762695312,5140.9091796875
lstm_v2_base,1,sell,val,0.82,0,,,0.0
lstm_v2_base,1,sell,val,0.83,0,,,0.0
lstm_v2_base,1,sell,val,0.84,0,,,0.0
lstm_v2_base,1,sell,val,0.85,0,,,0.0
lstm_v2_base,1,sell,val,0.0,13093,0.5571679523409455,11.90774917602539,155908.15625
lstm_v2_base,1,sell,test,0.5,7764,0.5808861411643482,-5.825728416442871,-45230.95703125
lstm_v2_base,1,sell,test,0.51,7060,0.5898016997167139,-5.064967155456543,-35758.66796875
lstm_v2_base,1,sell,test,0.52,6484,0.5985502776064158,-3.9438250064849854,-25571.76171875
lstm_v2_base,1,sell,test,0.53,5939,0.6068361677050008,-3.131089210510254,-18595.5390625
lstm_v2_base,1,sell,test,0.54,5465,0.6155535224153705,-2.314507246017456,-12648.7822265625
lstm_v2_base,1,sell,test,0.55,5086,0.6201337003539127,-1.931705117225647,-9824.65234375
lstm_v2_base,1,sell,test,0.56,4760,0.6226890756302521,-2.354935646057129,-11209.494140625
lstm_v2_base,1,sell,test,0.57,4403,0.6286622757210992,-1.6001713275909424,-7045.55419921875
lstm_v2_base,1,sell,test,0.58,4033,0.6369947929580957,-0.3271881341934204,-1319.5498046875
lstm_v2_base,1,sell,test,0.59,3676,0.6477149075081611,1.4333359003067017,5268.94287109375
lstm_v2_base,1,sell,test,0.6,3409,0.6509240246406571,1.390383243560791,4739.81640625
lstm_v2_base,1,sell,test,0.61,3090,0.6572815533980583,1.9164621829986572,5921.8681640625
lstm_v2_base,1,sell,test,0.62,2794,0.65748031496063,0.7440997362136841,2079.0146484375
lstm_v2_base,1,sell,test,0.63,2514,0.6666666666666666,2.046308994293213,5144.4208984375
lstm_v2_base,1,sell,test,0.64,2266,0.6782877316857899,5.690544128417969,12894.7724609375
lstm_v2_base,1,sell,test,0.65,2023,0.690064260998517,7.9302167892456055,16042.828125
lstm_v2_base,1,sell,test,0.66,1733,0.7080207732256203,10.847335815429688,18798.43359375
lstm_v2_base,1,sell,test,0.67,1479,0.7322515212981744,15.57394027709961,23033.857421875
lstm_v2_base,1,sell,test,0.68,1284,0.7242990654205608,11.556334495544434,14838.333984375
lstm_v2_base,1,sell,test,0.69,1085,0.7244239631336405,10.637025833129883,11541.1728515625
lstm_v2_base,1,sell,test,0.7,870,0.7425287356321839,14.639768600463867,12736.5986328125
lstm_v2_base,1,sell,test,0.71,688,0.7572674418604651,17.654245376586914,12146.12109375
lstm_v2_base,1,sell,test,0.72,520,0.7692307692307693,19.63404655456543,10209.7041015625
lstm_v2_base,1,sell,test,0.73,385,0.7662337662337663,16.482576370239258,6345.7919921875
lstm_v2_base,1,sell,test,0.74,277,0.779783393501805,18.239736557006836,5052.4072265625
lstm_v2_base,1,sell,test,0.75,186,0.7526881720430108,8.484134674072266,1578.049072265625
lstm_v2_base,1,sell,test,0.76,129,0.7751937984496124,20.781164169311523,2680.770263671875
lstm_v2_base,1,sell,test,0.77,75,0.84,53.5804328918457,4018.532470703125
lstm_v2_base,1,sell,test,0.78,45,0.8666666666666667,66.02395629882812,2971.077880859375
lstm_v2_base,1,sell,test,0.79,27,0.8518518518518519,59.17295837402344,1597.669921875
lstm_v2_base,1,sell,test,0.8,12,1.0,133.3489227294922,1600.18701171875
lstm_v2_base,1,sell,test,0.81,5,1.0,214.7199249267578,1073.599609375
lstm_v2_base,1,sell,test,0.82,4,1.0,236.30499267578125,945.219970703125
lstm_v2_base,1,sell,test,0.83,0,,,0.0
lstm_v2_base,1,sell,test,0.84,0,,,0.0
lstm_v2_base,1,sell,test,0.85,0,,,0.0
lstm_v2_base,1,sell,test,0.0,23688,0.5183215130023641,-2.5486481189727783,-60372.375
lstm_v2_base,2,buy,val,0.5,4107,0.5967859751643535,-11.891935348510742,-48840.1796875
lstm_v2_base,2,buy,val,0.51,3806,0.6014188124014713,-13.050335884094238,-49669.578125
lstm_v2_base,2,buy,val,0.52,3494,0.6050372066399542,-13.386530876159668,-46772.5390625
lstm_v2_base,2,buy,val,0.53,3208,0.6062967581047382,-14.675942420959473,-47080.421875
lstm_v2_base,2,buy,val,0.54,2941,0.6140768446106767,-13.255938529968262,-38985.71484375
lstm_v2_base,2,buy,val,0.55,2687,0.6192780052102717,-11.251428604125977,-30232.587890625
lstm_v2_base,2,buy,val,0.56,2441,0.6194182712003278,-12.336557388305664,-30113.537109375
lstm_v2_base,2,buy,val,0.57,2196,0.6243169398907104,-11.87795639038086,-26083.9921875
lstm_v2_base,2,buy,val,0.58,1992,0.6280120481927711,-10.16301155090332,-20244.71875
lstm_v2_base,2,buy,val,0.59,1782,0.6318742985409652,-12.024456977844238,-21427.58203125
lstm_v2_base,2,buy,val,0.6,1600,0.633125,-12.206818580627441,-19530.91015625
lstm_v2_base,2,buy,val,0.61,1398,0.628755364806867,-15.72624397277832,-21985.2890625
lstm_v2_base,2,buy,val,0.62,1230,0.6300813008130082,-16.875110626220703,-20756.38671875
lstm_v2_base,2,buy,val,0.63,1068,0.6245318352059925,-19.878528594970703,-21230.26953125
lstm_v2_base,2,buy,val,0.64,918,0.6328976034858388,-17.34107780456543,-15919.109375
lstm_v2_base,2,buy,val,0.65,780,0.6448717948717949,-11.737184524536133,-9155.00390625
lstm_v2_base,2,buy,val,0.66,653,0.664624808575804,-4.541332721710205,-2965.490234375
lstm_v2_base,2,buy,val,0.67,556,0.6654676258992805,-3.546100378036499,-1971.6318359375
lstm_v2_base,2,buy,val,0.68,445,0.6808988764044944,1.3710564374923706,610.1201171875
lstm_v2_base,2,buy,val,0.69,335,0.6925373134328359,4.7667646408081055,1596.8662109375
lstm_v2_base,2,buy,val,0.7,251,0.6892430278884463,4.430846691131592,1112.142578125
lstm_v2_base,2,buy,val,0.71,198,0.702020202020202,12.144888877868652,2404.68798828125
lstm_v2_base,2,buy,val,0.72,147,0.7210884353741497,25.827468872070312,3796.637939453125
lstm_v2_base,2,buy,val,0.73,103,0.7281553398058253,48.41848373413086,4987.10400390625
lstm_v2_base,2,buy,val,0.74,70,0.7285714285714285,53.074310302734375,3715.20166015625
lstm_v2_base,2,buy,val,0.75,51,0.7058823529411765,38.66778564453125,1972.05712890625
lstm_v2_base,2,buy,val,0.76,35,0.6857142857142857,32.77072525024414,1146.975341796875
lstm_v2_base,2,buy,val,0.77,15,0.6,39.68143844604492,595.2215576171875
lstm_v2_base,2,buy,val,0.78,6,0.5,-63.3745231628418,-380.24713134765625
lstm_v2_base,2,buy,val,0.79,2,0.5,-116.85063171386719,-233.70126342773438
lstm_v2_base,2,buy,val,0.8,0,,,0.0
lstm_v2_base,2,buy,val,0.81,0,,,0.0
lstm_v2_base,2,buy,val,0.82,0,,,0.0
lstm_v2_base,2,buy,val,0.83,0,,,0.0
lstm_v2_base,2,buy,val,0.84,0,,,0.0
lstm_v2_base,2,buy,val,0.85,0,,,0.0
lstm_v2_base,2,buy,val,0.0,11469,0.5162612259133316,-5.395611763000488,-61882.26953125
lstm_v2_base,2,buy,test,0.5,8745,0.6547741566609491,15.631312370300293,136695.828125
lstm_v2_base,2,buy,test,0.51,8133,0.6597811385712529,16.54578971862793,134566.90625
lstm_v2_base,2,buy,test,0.52,7631,0.6619053859258288,16.3548641204834,124803.9609375
lstm_v2_base,2,buy,test,0.53,7055,0.6669029057406095,16.639318466186523,117390.390625
lstm_v2_base,2,buy,test,0.54,6493,0.6734945325735407,18.2857723236084,118729.515625
lstm_v2_base,2,buy,test,0.55,5991,0.6783508596227675,19.049741744995117,114127.0
lstm_v2_base,2,buy,test,0.56,5471,0.6826905501736429,19.521255493164062,106800.7890625
lstm_v2_base,2,buy,test,0.57,5025,0.6865671641791045,20.340988159179688,102213.46875
lstm_v2_base,2,buy,test,0.58,4600,0.6882608695652174,20.720571517944336,95314.6328125
lstm_v2_base,2,buy,test,0.59,4185,0.6908004778972521,20.79522132873535,87028.0
lstm_v2_base,2,buy,test,0.6,3792,0.6943565400843882,21.740100860595703,82438.4609375
lstm_v2_base,2,buy,test,0.61,3435,0.7056768558951965,25.297351837158203,86896.40625
lstm_v2_base,2,buy,test,0.62,3089,0.7067011977986404,24.637741088867188,76105.984375
lstm_v2_base,2,buy,test,0.63,2734,0.7088514996342355,25.378942489624023,69386.03125
lstm_v2_base,2,buy,test,0.64,2408,0.7117940199335548,25.739980697631836,61981.875
lstm_v2_base,2,buy,test,0.65,2086,0.7114093959731543,23.752370834350586,49547.4453125
lstm_v2_base,2,buy,test,0.66,1822,0.7096597145993414,22.541879653930664,41071.3046875
lstm_v2_base,2,buy,test,0.67,1569,0.7221159974506055,26.277097702026367,41228.765625
lstm_v2_base,2,buy,test,0.68,1335,0.7318352059925094,29.617725372314453,39539.6640625
lstm_v2_base,2,buy,test,0.69,1122,0.7370766488413547,31.04399871826172,34831.3671875
lstm_v2_base,2,buy,test,0.7,899,0.7486095661846496,36.858306884765625,33135.6171875
lstm_v2_base,2,buy,test,0.71,705,0.7574468085106383,38.03926086425781,26817.6796875
lstm_v2_base,2,buy,test,0.72,553,0.7576853526220615,37.62885665893555,20808.7578125
lstm_v2_base,2,buy,test,0.73,416,0.7572115384615384,37.902347564697266,15767.376953125
lstm_v2_base,2,buy,test,0.74,293,0.7781569965870307,46.011905670166016,13481.48828125
lstm_v2_base,2,buy,test,0.75,208,0.7980769230769231,47.20701217651367,9819.05859375
lstm_v2_base,2,buy,test,0.76,127,0.8031496062992126,42.16454315185547,5354.89697265625
lstm_v2_base,2,buy,test,0.77,82,0.7804878048780488,23.947839736938477,1963.722900390625
lstm_v2_base,2,buy,test,0.78,48,0.7291666666666666,-20.461179733276367,-982.1365966796875
lstm_v2_base,2,buy,test,0.79,21,0.7619047619047619,-18.179365158081055,-381.76666259765625
lstm_v2_base,2,buy,test,0.8,9,0.5555555555555556,-116.74527740478516,-1050.70751953125
lstm_v2_base,2,buy,test,0.81,3,0.3333333333333333,-291.9003601074219,-875.7010498046875
lstm_v2_base,2,buy,test,0.82,0,,,0.0
lstm_v2_base,2,buy,test,0.83,0,,,0.0
lstm_v2_base,2,buy,test,0.84,0,,,0.0
lstm_v2_base,2,buy,test,0.85,0,,,0.0
lstm_v2_base,2,buy,test,0.0,25286,0.5314798702839516,5.37785005569458,135984.3125
lstm_v2_base,2,sell,val,0.5,3843,0.6653655997918293,22.131057739257812,85049.65625
lstm_v2_base,2,sell,val,0.51,3608,0.6723946784922394,23.529041290283203,84892.78125
lstm_v2_base,2,sell,val,0.52,3393,0.6787503684055408,24.406829833984375,82812.375
lstm_v2_base,2,sell,val,0.53,3182,0.6807039597737272,23.799026489257812,75728.5
lstm_v2_base,2,sell,val,0.54,2946,0.6873727087576375,24.008838653564453,70730.0390625
lstm_v2_base,2,sell,val,0.55,2727,0.6974697469746974,26.411643981933594,72024.5546875
lstm_v2_base,2,sell,val,0.56,2521,0.7080523601745339,28.549976348876953,71974.4921875
lstm_v2_base,2,sell,val,0.57,2359,0.7134378974141585,28.042287826538086,66151.7578125
lstm_v2_base,2,sell,val,0.58,2186,0.7209515096065874,28.314247131347656,61894.9453125
lstm_v2_base,2,sell,val,0.59,2014,0.7274081429990069,28.064626693725586,56522.15625
lstm_v2_base,2,sell,val,0.6,1865,0.7345844504021448,30.541318893432617,56959.55859375
lstm_v2_base,2,sell,val,0.61,1689,0.7394908229721728,30.002948760986328,50674.98046875
lstm_v2_base,2,sell,val,0.62,1543,0.7453013609850939,30.417936325073242,46934.875
lstm_v2_base,2,sell,val,0.63,1407,0.7562189054726368,33.71598434448242,47438.390625
lstm_v2_base,2,sell,val,0.64,1263,0.7608867775138559,34.19352722167969,43186.42578125
lstm_v2_base,2,sell,val,0.65,1112,0.7787769784172662,37.846458435058594,42085.26171875
lstm_v2_base,2,sell,val,0.66,968,0.7923553719008265,41.927555084228516,40585.875
lstm_v2_base,2,sell,val,0.67,842,0.8016627078384798,42.17813491821289,35513.98828125
lstm_v2_base,2,sell,val,0.68,741,0.8070175438596491,41.64427185058594,30858.404296875
lstm_v2_base,2,sell,val,0.69,644,0.8105590062111802,43.32841491699219,27903.5
lstm_v2_base,2,sell,val,0.7,551,0.8166969147005445,45.63072204589844,25142.52734375
lstm_v2_base,2,sell,val,0.71,456,0.8442982456140351,54.164249420166016,24698.8984375
lstm_v2_base,2,sell,val,0.72,369,0.8590785907859079,57.09592056274414,21068.39453125
lstm_v2_base,2,sell,val,0.73,285,0.8526315789473684,51.622291564941406,14712.353515625
lstm_v2_base,2,sell,val,0.74,218,0.8899082568807339,65.25473022460938,14225.53125
lstm_v2_base,2,sell,val,0.75,178,0.898876404494382,68.0335464477539,12109.970703125
lstm_v2_base,2,sell,val,0.76,124,0.9435483870967742,82.83053588867188,10270.986328125
lstm_v2_base,2,sell,val,0.77,83,0.9397590361445783,85.1288833618164,7065.697265625
lstm_v2_base,2,sell,val,0.78,55,0.9454545454545454,86.27630615234375,4745.19677734375
lstm_v2_base,2,sell,val,0.79,38,0.9473684210526315,85.0031509399414,3230.119873046875
lstm_v2_base,2,sell,val,0.8,16,1.0,109.14155578613281,1746.264892578125
lstm_v2_base,2,sell,val,0.81,7,1.0,120.68297576904297,844.7808227539062
lstm_v2_base,2,sell,val,0.82,2,1.0,136.1977996826172,272.3955993652344
lstm_v2_base,2,sell,val,0.83,0,,,0.0
lstm_v2_base,2,sell,val,0.84,0,,,0.0
lstm_v2_base,2,sell,val,0.85,0,,,0.0
lstm_v2_base,2,sell,val,0.0,11913,0.5516662469571056,10.749048233032227,128053.40625
lstm_v2_base,2,sell,test,0.5,9963,0.6067449563384523,-2.2188031673431396,-22105.935546875
lstm_v2_base,2,sell,test,0.51,9351,0.6133033900117635,-1.5113729238510132,-14132.8486328125
lstm_v2_base,2,sell,test,0.52,8718,0.6171140169763707,-1.2102580070495605,-10551.029296875
lstm_v2_base,2,sell,test,0.53,8108,0.6207449432659102,-1.582244873046875,-12828.841796875
lstm_v2_base,2,sell,test,0.54,7564,0.6242728714965626,-2.232586145401001,-16887.28125
lstm_v2_base,2,sell,test,0.55,6987,0.6294547015886647,-2.288749933242798,-15991.49609375
lstm_v2_base,2,sell,test,0.56,6425,0.63284046692607,-2.684123992919922,-17245.49609375
lstm_v2_base,2,sell,test,0.57,5934,0.6413886080215706,-1.0217405557632446,-6063.00830078125
lstm_v2_base,2,sell,test,0.58,5490,0.6491803278688525,-0.07909613847732544,-434.23779296875
lstm_v2_base,2,sell,test,0.59,4981,0.655691628187111,-0.22312571108341217,-1111.38916015625
lstm_v2_base,2,sell,test,0.6,4512,0.6633421985815603,1.0554757118225098,4762.306640625
lstm_v2_base,2,sell,test,0.61,4104,0.672270955165692,2.940727710723877,12068.74609375
lstm_v2_base,2,sell,test,0.62,3671,0.6793789158267503,2.8632142543792725,10510.859375
lstm_v2_base,2,sell,test,0.63,3283,0.6823027718550106,2.63820481300354,8661.2265625
lstm_v2_base,2,sell,test,0.64,2949,0.6876907426246185,3.1662864685058594,9337.37890625
lstm_v2_base,2,sell,test,0.65,2642,0.6926570779712339,2.8137950897216797,7434.04638671875
lstm_v2_base,2,sell,test,0.66,2318,0.7018981880931838,5.038888454437256,11680.1435546875
lstm_v2_base,2,sell,test,0.67,2015,0.7086848635235732,4.941946983337402,9958.0234375
lstm_v2_base,2,sell,test,0.68,1739,0.7113283496262219,3.987980604171753,6935.09814453125
lstm_v2_base,2,sell,test,0.69,1497,0.7227788911155645,8.526873588562012,12764.73046875
lstm_v2_base,2,sell,test,0.7,1254,0.7280701754385965,9.406608581542969,11795.88671875
lstm_v2_base,2,sell,test,0.71,1011,0.7309594460929772,7.319052696228027,7399.5625
lstm_v2_base,2,sell,test,0.72,823,0.7387606318347509,7.9338483810424805,6529.55712890625
lstm_v2_base,2,sell,test,0.73,647,0.7372488408037094,5.500977516174316,3559.13232421875
lstm_v2_base,2,sell,test,0.74,485,0.7402061855670103,5.472001075744629,2653.92041015625
lstm_v2_base,2,sell,test,0.75,370,0.7486486486486487,8.910091400146484,3296.73388671875
lstm_v2_base,2,sell,test,0.76,254,0.7440944881889764,0.21406975388526917,54.37371826171875
lstm_v2_base,2,sell,test,0.77,162,0.7222222222222222,-8.282100677490234,-1341.7003173828125
lstm_v2_base,2,sell,test,0.78,106,0.7169811320754716,-15.547122955322266,-1647.9949951171875
lstm_v2_base,2,sell,test,0.79,62,0.7096774193548387,-3.1529972553253174,-195.48582458496094
lstm_v2_base,2,sell,test,0.8,32,0.75,3.5223960876464844,112.7166748046875
lstm_v2_base,2,sell,test,0.81,10,1.0,113.4830322265625,1134.830322265625
lstm_v2_base,2,sell,test,0.82,2,1.0,57.11274719238281,114.22549438476562
lstm_v2_base,2,sell,test,0.83,0,,,0.0
lstm_v2_base,2,sell,test,0.84,0,,,0.0
lstm_v2_base,2,sell,test,0.85,0,,,0.0
lstm_v2_base,2,sell,test,0.0,23688,0.5183215130023641,-2.5486481189727783,-60372.375
lstm_v2_base,3,buy,val,0.5,6635,0.6013564431047476,-2.7652370929718018,-18347.34765625
lstm_v2_base,3,buy,val,0.51,6415,0.6037412314886984,-2.8749256134033203,-18442.6484375
lstm_v2_base,3,buy,val,0.52,6214,0.6041197296427422,-3.5821845531463623,-22259.6953125
lstm_v2_base,3,buy,val,0.53,5973,0.6073999665159886,-3.3761343955993652,-20165.650390625
lstm_v2_base,3,buy,val,0.54,5739,0.6103850845094965,-3.9483642578125,-22659.662109375
lstm_v2_base,3,buy,val,0.55,5489,0.6106758972490436,-5.311362266540527,-29154.06640625
lstm_v2_base,3,buy,val,0.56,5279,0.612426595946202,-5.528720855712891,-29186.1171875
lstm_v2_base,3,buy,val,0.57,5080,0.6149606299212599,-5.603553295135498,-28466.05078125
lstm_v2_base,3,buy,val,0.58,4837,0.6171180483770933,-6.387086391448975,-30894.3359375
lstm_v2_base,3,buy,val,0.59,4563,0.6186719263642341,-7.345071792602539,-33515.5625
lstm_v2_base,3,buy,val,0.6,4274,0.6209639681796911,-7.934654712677002,-33912.71484375
lstm_v2_base,3,buy,val,0.61,3999,0.6209052263065766,-8.589764595031738,-34350.46875
lstm_v2_base,3,buy,val,0.62,3759,0.6185155626496409,-11.333746910095215,-42603.5546875
lstm_v2_base,3,buy,val,0.63,3537,0.6217133163698049,-11.822739601135254,-41817.03125
lstm_v2_base,3,buy,val,0.64,3303,0.6264002422040569,-11.925702095031738,-39390.59375
lstm_v2_base,3,buy,val,0.65,3052,0.6346657929226737,-11.17038345336914,-34092.01171875
lstm_v2_base,3,buy,val,0.66,2785,0.6394973070017953,-11.256467819213867,-31349.26171875
lstm_v2_base,3,buy,val,0.67,2490,0.6469879518072289,-11.946844100952148,-29747.640625
lstm_v2_base,3,buy,val,0.68,2226,0.6531895777178796,-9.831114768981934,-21884.0625
lstm_v2_base,3,buy,val,0.69,1956,0.6579754601226994,-8.723490715026855,-17063.1484375
lstm_v2_base,3,buy,val,0.7,1715,0.6641399416909621,-9.296509742736816,-15943.513671875
lstm_v2_base,3,buy,val,0.71,1475,0.6711864406779661,-9.382564544677734,-13839.283203125
lstm_v2_base,3,buy,val,0.72,1242,0.6763285024154589,-10.720763206481934,-13315.1875
lstm_v2_base,3,buy,val,0.73,1039,0.6804619826756496,-8.645906448364258,-8983.0966796875
lstm_v2_base,3,buy,val,0.74,853,0.6740914419695193,-10.9439115524292,-9335.15625
lstm_v2_base,3,buy,val,0.75,669,0.695067264573991,-7.365945339202881,-4927.8173828125
lstm_v2_base,3,buy,val,0.76,474,0.7130801687763713,-5.467332363128662,-2591.515625
lstm_v2_base,3,buy,val,0.77,349,0.7106017191977078,-6.45261287689209,-2251.9619140625
lstm_v2_base,3,buy,val,0.78,227,0.6828193832599119,-20.203855514526367,-4586.275390625
lstm_v2_base,3,buy,val,0.79,144,0.6875,-24.86670684814453,-3580.8056640625
lstm_v2_base,3,buy,val,0.8,72,0.7361111111111112,-20.25482940673828,-1458.34765625
lstm_v2_base,3,buy,val,0.81,43,0.7906976744186046,-4.05167818069458,-174.22216796875
lstm_v2_base,3,buy,val,0.82,18,0.8333333333333334,5.155019283294678,92.79034423828125
lstm_v2_base,3,buy,val,0.83,2,1.0,95.77204895019531,191.54409790039062
lstm_v2_base,3,buy,val,0.84,1,1.0,67.7400894165039,67.7400894165039
lstm_v2_base,3,buy,val,0.85,0,,,0.0
lstm_v2_base,3,buy,val,0.0,11442,0.5404649536794267,-0.14085613191127777,-1611.67578125
lstm_v2_base,3,buy,test,0.5,12471,0.6159890946997033,7.553637504577637,94201.4140625
lstm_v2_base,3,buy,test,0.51,12021,0.6221612178687297,8.650042533874512,103982.1640625
lstm_v2_base,3,buy,test,0.52,11549,0.6255952896354663,8.853248596191406,102246.171875
lstm_v2_base,3,buy,test,0.53,11087,0.6281230269685217,8.59763240814209,95321.953125
lstm_v2_base,3,buy,test,0.54,10575,0.6312056737588653,8.791360855102539,92968.640625
lstm_v2_base,3,buy,test,0.55,10088,0.6364988104678826,9.73659896850586,98222.8125
lstm_v2_base,3,buy,test,0.56,9611,0.6403079804390802,10.068473815917969,96768.1015625
lstm_v2_base,3,buy,test,0.57,9132,0.6458607095926413,10.995299339294434,100409.0703125
lstm_v2_base,3,buy,test,0.58,8631,0.645927470744989,10.078804016113281,86990.15625
lstm_v2_base,3,buy,test,0.59,8098,0.6497900716226229,10.061347961425781,81476.796875
lstm_v2_base,3,buy,test,0.6,7560,0.6567460317460317,11.07534408569336,83729.6015625
lstm_v2_base,3,buy,test,0.61,7096,0.6620631341600902,11.62824535369873,82514.03125
lstm_v2_base,3,buy,test,0.62,6645,0.6645598194130925,11.611014366149902,77155.1875
lstm_v2_base,3,buy,test,0.63,6142,0.671605340280039,12.458693504333496,76521.296875
lstm_v2_base,3,buy,test,0.64,5647,0.6729236762882946,11.446067810058594,64635.9453125
lstm_v2_base,3,buy,test,0.65,5178,0.6765160293549634,11.345269203186035,58745.8046875
lstm_v2_base,3,buy,test,0.66,4696,0.6859028960817717,12.962654113769531,60872.625
lstm_v2_base,3,buy,test,0.67,4199,0.6937366039533223,13.662662506103516,57369.51953125
lstm_v2_base,3,buy,test,0.68,3693,0.6940157053885729,11.878279685974121,43866.48828125
lstm_v2_base,3,buy,test,0.69,3238,0.6961087090796788,10.198622703552246,33023.140625
lstm_v2_base,3,buy,test,0.7,2805,0.6937611408199643,6.936193943023682,19456.0234375
lstm_v2_base,3,buy,test,0.71,2385,0.6943396226415094,5.332531452178955,12718.087890625
lstm_v2_base,3,buy,test,0.72,1992,0.7008032128514057,6.0286970138549805,12009.1640625
lstm_v2_base,3,buy,test,0.73,1653,0.7005444646098004,3.962517499923706,6550.04150390625
lstm_v2_base,3,buy,test,0.74,1352,0.7011834319526628,1.3094167709350586,1770.33154296875
lstm_v2_base,3,buy,test,0.75,1067,0.7085285848172446,3.359137773513794,3584.199951171875
lstm_v2_base,3,buy,test,0.76,795,0.7169811320754716,7.458446502685547,5929.46484375
lstm_v2_base,3,buy,test,0.77,571,0.7250437828371279,8.665821075439453,4948.18359375
lstm_v2_base,3,buy,test,0.78,395,0.7164556962025317,8.998867988586426,3554.552734375
lstm_v2_base,3,buy,test,0.79,249,0.7429718875502008,17.52095603942871,4362.71826171875
lstm_v2_base,3,buy,test,0.8,130,0.8,36.3162956237793,4721.11865234375
lstm_v2_base,3,buy,test,0.81,66,0.8333333333333334,45.98279571533203,3034.864501953125
lstm_v2_base,3,buy,test,0.82,30,0.8,60.7255973815918,1821.7679443359375
lstm_v2_base,3,buy,test,0.83,10,0.8,75.34141540527344,753.4141845703125
lstm_v2_base,3,buy,test,0.84,2,0.5,-44.444557189941406,-88.88911437988281
lstm_v2_base,3,buy,test,0.85,0,,,0.0
lstm_v2_base,3,buy,test,0.0,25286,0.5314798702839516,5.37785005569458,135984.3125
lstm_v2_base,3,sell,val,0.5,7081,0.6086710916537212,-2.6905133724212646,-19051.525390625
lstm_v2_base,3,sell,val,0.51,6712,0.6098033373063171,-3.4695334434509277,-23287.5078125
lstm_v2_base,3,sell,val,0.52,6425,0.6178988326848249,-2.4793596267700195,-15929.8857421875
lstm_v2_base,3,sell,val,0.53,6085,0.6239934264585045,-1.4765597581863403,-8984.8662109375
lstm_v2_base,3,sell,val,0.54,5796,0.6266390614216701,-2.2576024532318115,-13085.064453125
lstm_v2_base,3,sell,val,0.55,5497,0.6348917591413499,-0.3577103912830353,-1966.333984375
lstm_v2_base,3,sell,val,0.56,5187,0.6385193753614806,-0.28280341625213623,-1466.9013671875
lstm_v2_base,3,sell,val,0.57,4868,0.6431799506984388,0.42056623101234436,2047.31640625
lstm_v2_base,3,sell,val,0.58,4602,0.646458061712299,0.25026822090148926,1151.734375
lstm_v2_base,3,sell,val,0.59,4335,0.6456747404844291,-0.5415432453155518,-2347.58984375
lstm_v2_base,3,sell,val,0.6,4044,0.6496043521266073,-0.4780104458332062,-1933.07421875
lstm_v2_base,3,sell,val,0.61,3773,0.6546514709780016,-0.46058496832847595,-1737.787109375
lstm_v2_base,3,sell,val,0.62,3489,0.6595012897678418,-0.4612554609775543,-1609.3203125
lstm_v2_base,3,sell,val,0.63,3209,0.6622000623247117,-0.832091212272644,-2670.1806640625
lstm_v2_base,3,sell,val,0.64,2946,0.6632722335369993,-1.8950390815734863,-5582.78515625
lstm_v2_base,3,sell,val,0.65,2670,0.6689138576779026,-1.5895694494247437,-4244.150390625
lstm_v2_base,3,sell,val,0.66,2407,0.669297881179892,-3.0578739643096924,-7360.302734375
lstm_v2_base,3,sell,val,0.67,2165,0.6715935334872979,-4.520229816436768,-9786.2978515625
lstm_v2_base,3,sell,val,0.68,1946,0.6700924974306269,-6.410466194152832,-12474.767578125
lstm_v2_base,3,sell,val,0.69,1706,0.6664712778429074,-9.337191581726074,-15929.248046875
lstm_v2_base,3,sell,val,0.7,1465,0.6668941979522184,-8.57227611541748,-12558.384765625
lstm_v2_base,3,sell,val,0.71,1254,0.6650717703349283,-11.37606430053711,-14265.5849609375
lstm_v2_base,3,sell,val,0.72,1063,0.6669802445907808,-10.768641471862793,-11447.0654296875
lstm_v2_base,3,sell,val,0.73,871,0.669345579793341,-9.218820571899414,-8029.5927734375
lstm_v2_base,3,sell,val,0.74,704,0.671875,-8.260177612304688,-5815.1650390625
lstm_v2_base,3,sell,val,0.75,552,0.6702898550724637,-14.30391788482666,-7895.7626953125
lstm_v2_base,3,sell,val,0.76,415,0.653012048192771,-18.98946189880371,-7880.626953125
lstm_v2_base,3,sell,val,0.77,314,0.6401273885350318,-24.421680450439453,-7668.40771484375
lstm_v2_base,3,sell,val,0.78,209,0.6411483253588517,-23.4996395111084,-4911.4248046875
lstm_v2_base,3,sell,val,0.79,134,0.6194029850746269,-30.269248962402344,-4056.079345703125
lstm_v2_base,3,sell,val,0.8,87,0.6666666666666666,-22.252487182617188,-1935.9664306640625
lstm_v2_base,3,sell,val,0.81,38,0.6842105263157895,-14.145604133605957,-537.532958984375
lstm_v2_base,3,sell,val,0.82,24,0.8333333333333334,10.707255363464355,256.97412109375
lstm_v2_base,3,sell,val,0.83,9,0.6666666666666666,-72.67559051513672,-654.080322265625
lstm_v2_base,3,sell,val,0.84,1,1.0,63.47056198120117,63.47056198120117
lstm_v2_base,3,sell,val,0.85,0,,,0.0
lstm_v2_base,3,sell,val,0.0,11827,0.5341168512725121,-5.650143146514893,-66824.2421875
lstm_v2_base,3,sell,test,0.5,13508,0.5894284868226236,-1.8602596521377563,-25128.38671875
lstm_v2_base,3,sell,test,0.51,12834,0.593969144460028,-1.8200842142105103,-23358.9609375
lstm_v2_base,3,sell,test,0.52,12247,0.5967992161345635,-1.8569978475570679,-22742.65234375
lstm_v2_base,3,sell,test,0.53,11554,0.6022156828803877,-1.592885136604309,-18404.1953125
lstm_v2_base,3,sell,test,0.54,10892,0.6090708777084098,-1.1971280574798584,-13039.119140625
lstm_v2_base,3,sell,test,0.55,10271,0.6135721935546685,-1.3039205074310303,-13392.5673828125
lstm_v2_base,3,sell,test,0.56,9680,0.6181818181818182,-1.1798957586288452,-11421.390625
lstm_v2_base,3,sell,test,0.57,9090,0.62002200220022,-1.8512595891952515,-16827.94921875
lstm_v2_base,3,sell,test,0.58,8462,0.6255022453320728,-1.5895841121673584,-13451.060546875
lstm_v2_base,3,sell,test,0.59,7888,0.6277890466531441,-2.3208858966827393,-18307.1484375
lstm_v2_base,3,sell,test,0.6,7253,0.6351854405073762,-1.312713384628296,-9521.1103515625
lstm_v2_base,3,sell,test,0.61,6676,0.640503295386459,-1.5347572565078735,-10246.0390625
lstm_v2_base,3,sell,test,0.62,6170,0.6440842787682334,-1.9144477844238281,-11812.142578125
lstm_v2_base,3,sell,test,0.63,5643,0.6508949140528087,-1.4043750762939453,-7924.888671875
lstm_v2_base,3,sell,test,0.64,5109,0.6586416128400862,-0.29564592242240906,-1510.455078125
lstm_v2_base,3,sell,test,0.65,4659,0.6619446233097231,-1.2387555837631226,-5771.3623046875
lstm_v2_base,3,sell,test,0.66,4175,0.6673053892215569,-1.0548075437545776,-4403.8212890625
lstm_v2_base,3,sell,test,0.67,3727,0.6750737858867722,1.1328792572021484,4222.2412109375
lstm_v2_base,3,sell,test,0.68,3263,0.6775973030953111,0.3780722916126251,1233.64990234375
lstm_v2_base,3,sell,test,0.69,2831,0.6877428470505121,1.559367299079895,4414.56884765625
lstm_v2_base,3,sell,test,0.7,2436,0.6945812807881774,1.5340057611465454,3736.838134765625
lstm_v2_base,3,sell,test,0.71,2104,0.7048479087452472,3.172316789627075,6674.5546875
lstm_v2_base,3,sell,test,0.72,1782,0.712682379349046,3.9815094470977783,7095.0498046875
lstm_v2_base,3,sell,test,0.73,1476,0.7208672086720868,4.216203689575195,6223.11669921875
lstm_v2_base,3,sell,test,0.74,1173,0.7195225916453538,2.64806866645813,3106.1845703125
lstm_v2_base,3,sell,test,0.75,884,0.7273755656108597,3.3717825412750244,2980.65576171875
lstm_v2_base,3,sell,test,0.76,704,0.7286931818181818,-0.20163068175315857,-141.947998046875
lstm_v2_base,3,sell,test,0.77,522,0.710727969348659,-9.153355598449707,-4778.0517578125
lstm_v2_base,3,sell,test,0.78,382,0.7146596858638743,-8.124492645263672,-3103.55615234375
lstm_v2_base,3,sell,test,0.79,251,0.7330677290836654,-4.589829921722412,-1152.04736328125
lstm_v2_base,3,sell,test,0.8,143,0.7202797202797203,-12.832327842712402,-1835.0228271484375
lstm_v2_base,3,sell,test,0.81,72,0.6805555555555556,-31.044782638549805,-2235.224365234375
lstm_v2_base,3,sell,test,0.82,27,0.6296296296296297,-26.657114028930664,-719.7420654296875
lstm_v2_base,3,sell,test,0.83,8,0.5,-44.781890869140625,-358.255126953125
lstm_v2_base,3,sell,test,0.84,1,1.0,134.5911865234375,134.5911865234375
lstm_v2_base,3,sell,test,0.85,0,,,0.0
lstm_v2_base,3,sell,test,0.0,23688,0.5183215130023641,-2.5486481189727783,-60372.375
lstm_v2_base,4,buy,val,0.5,5197,0.5934192803540504,-0.5429120063781738,-2821.513671875
lstm_v2_base,4,buy,val,0.51,4862,0.5993418346359523,-0.405192494392395,-1970.0458984375
lstm_v2_base,4,buy,val,0.52,4508,0.604924578527063,-0.3473665118217468,-1565.92822265625
lstm_v2_base,4,buy,val,0.53,4152,0.6107899807321773,-0.14956024289131165,-620.97412109375
lstm_v2_base,4,buy,val,0.54,3849,0.6139256949857106,-1.1164201498031616,-4297.10107421875
lstm_v2_base,4,buy,val,0.55,3499,0.624464132609317,-0.7884199023246765,-2758.68115234375
lstm_v2_base,4,buy,val,0.56,3120,0.6230769230769231,-3.3269803524017334,-10380.1787109375
lstm_v2_base,4,buy,val,0.57,2796,0.6241058655221745,-4.998940944671631,-13977.0390625
lstm_v2_base,4,buy,val,0.58,2470,0.6275303643724697,-6.169177055358887,-15237.8671875
lstm_v2_base,4,buy,val,0.59,2143,0.6318245450303314,-7.483516693115234,-16037.1767578125
lstm_v2_base,4,buy,val,0.6,1884,0.6385350318471338,-9.37247085571289,-17657.734375
lstm_v2_base,4,buy,val,0.61,1659,0.6455696202531646,-8.788130760192871,-14579.5087890625
lstm_v2_base,4,buy,val,0.62,1429,0.6564030790762772,-6.387911319732666,-9128.3251953125
lstm_v2_base,4,buy,val,0.63,1208,0.6564569536423841,-7.362832546234131,-8894.3017578125
lstm_v2_base,4,buy,val,0.64,1016,0.6742125984251969,-3.414783239364624,-3469.419677734375
lstm_v2_base,4,buy,val,0.65,845,0.6733727810650888,-5.183383941650391,-4379.95947265625
lstm_v2_base,4,buy,val,0.66,691,0.6599131693198264,-12.675012588500977,-8758.43359375
lstm_v2_base,4,buy,val,0.67,554,0.6335740072202166,-25.06500816345215,-13886.0146484375
lstm_v2_base,4,buy,val,0.68,425,0.6352941176470588,-28.830625534057617,-12253.015625
lstm_v2_base,4,buy,val,0.69,335,0.6298507462686567,-32.22659683227539,-10795.91015625
lstm_v2_base,4,buy,val,0.7,255,0.6352941176470588,-31.08983039855957,-7927.90673828125
lstm_v2_base,4,buy,val,0.71,190,0.6368421052631579,-33.89048767089844,-6439.19287109375
lstm_v2_base,4,buy,val,0.72,139,0.6187050359712231,-43.848331451416016,-6094.91796875
lstm_v2_base,4,buy,val,0.73,90,0.6333333333333333,-41.13993835449219,-3702.594482421875
lstm_v2_base,4,buy,val,0.74,56,0.6071428571428571,-48.09957504272461,-2693.576171875
lstm_v2_base,4,buy,val,0.75,28,0.5357142857142857,-76.24028778076172,-2134.72802734375
lstm_v2_base,4,buy,val,0.76,17,0.5882352941176471,-52.33759689331055,-889.7391357421875
lstm_v2_base,4,buy,val,0.77,8,0.5,-77.90653991699219,-623.2523193359375
lstm_v2_base,4,buy,val,0.78,1,1.0,92.35423278808594,92.35423278808594
lstm_v2_base,4,buy,val,0.79,1,1.0,92.35423278808594,92.35423278808594
lstm_v2_base,4,buy,val,0.8,0,,,0.0
lstm_v2_base,4,buy,val,0.81,0,,,0.0
lstm_v2_base,4,buy,val,0.82,0,,,0.0
lstm_v2_base,4,buy,val,0.83,0,,,0.0
lstm_v2_base,4,buy,val,0.84,0,,,0.0
lstm_v2_base,4,buy,val,0.85,0,,,0.0
lstm_v2_base,4,buy,val,0.0,10732,0.5245061498322773,1.7722415924072266,19019.697265625
lstm_v2_base,4,buy,test,0.5,10542,0.6433314361601215,10.18863582611084,107408.6015625
lstm_v2_base,4,buy,test,0.51,9966,0.6501103752759382,10.620787620544434,105846.7734375
lstm_v2_base,4,buy,test,0.52,9379,0.6574261648363365,12.121294975280762,113685.625
lstm_v2_base,4,buy,test,0.53,8766,0.6627880447182295,12.3973970413208,108675.5859375
lstm_v2_base,4,buy,test,0.54,8198,0.664430348865577,11.863245010375977,97254.8828125
lstm_v2_base,4,buy,test,0.55,7668,0.6696661450182577,12.684992790222168,97268.5234375
lstm_v2_base,4,buy,test,0.56,7128,0.672699214365881,12.712355613708496,90613.671875
lstm_v2_base,4,buy,test,0.57,6570,0.6756468797564688,12.68315601348877,83328.3359375
lstm_v2_base,4,buy,test,0.58,5982,0.6808759612169842,13.579361915588379,81231.7421875
lstm_v2_base,4,buy,test,0.59,5461,0.6822926203991942,12.656876564025879,69119.203125
lstm_v2_base,4,buy,test,0.6,4968,0.6847826086956522,12.610992431640625,62651.41015625
lstm_v2_base,4,buy,test,0.61,4460,0.6905829596412556,13.067363739013672,58280.44140625
lstm_v2_base,4,buy,test,0.62,3970,0.697984886649874,15.025541305541992,59651.3984375
lstm_v2_base,4,buy,test,0.63,3546,0.6990975747320926,14.319633483886719,50777.421875
lstm_v2_base,4,buy,test,0.64,3065,0.6982055464926591,13.255430221557617,40627.89453125
lstm_v2_base,4,buy,test,0.65,2690,0.704089219330855,14.792604446411133,39792.10546875
lstm_v2_base,4,buy,test,0.66,2306,0.709887250650477,15.102995872497559,34827.5078125
lstm_v2_base,4,buy,test,0.67,1939,0.7132542547705003,13.670368194580078,26506.84375
lstm_v2_base,4,buy,test,0.68,1582,0.7168141592920354,12.350464820861816,19538.435546875
lstm_v2_base,4,buy,test,0.69,1292,0.7167182662538699,11.277109146118164,14570.025390625
lstm_v2_base,4,buy,test,0.7,1031,0.7255092143549952,11.867177963256836,12235.060546875
lstm_v2_base,4,buy,test,0.71,789,0.7325728770595691,14.740555763244629,11630.298828125
lstm_v2_base,4,buy,test,0.72,590,0.7389830508474576,14.60378360748291,8616.232421875
lstm_v2_base,4,buy,test,0.73,409,0.726161369193154,9.810378074645996,4012.444580078125
lstm_v2_base,4,buy,test,0.74,303,0.7425742574257426,15.246818542480469,4619.7861328125
lstm_v2_base,4,buy,test,0.75,229,0.759825327510917,26.26769256591797,6015.3017578125
lstm_v2_base,4,buy,test,0.76,159,0.7987421383647799,42.816532135009766,6807.82861328125
lstm_v2_base,4,buy,test,0.77,93,0.7634408602150538,33.197940826416016,3087.408447265625
lstm_v2_base,4,buy,test,0.78,52,0.8076923076923077,41.526023864746094,2159.353271484375
lstm_v2_base,4,buy,test,0.79,36,0.8055555555555556,45.79817199707031,1648.7342529296875
lstm_v2_base,4,buy,test,0.8,20,0.95,95.53557586669922,1910.7115478515625
lstm_v2_base,4,buy,test,0.81,13,0.9230769230769231,103.12982940673828,1340.687744140625
lstm_v2_base,4,buy,test,0.82,7,1.0,140.5263214111328,983.6842041015625
lstm_v2_base,4,buy,test,0.83,5,1.0,137.17813110351562,685.890625
lstm_v2_base,4,buy,test,0.84,2,1.0,172.6290283203125,345.258056640625
lstm_v2_base,4,buy,test,0.85,1,1.0,224.9217987060547,224.9217987060547
lstm_v2_base,4,buy,test,0.0,25286,0.5314798702839516,5.37785005569458,135984.3125
lstm_v2_base,4,sell,val,0.5,3678,0.5880913539967374,-15.596830368041992,-57365.140625
lstm_v2_base,4,sell,val,0.51,3456,0.5896990740740741,-16.175073623657227,-55901.0546875
lstm_v2_base,4,sell,val,0.52,3216,0.5911069651741293,-17.765214920043945,-57132.9296875
lstm_v2_base,4,sell,val,0.53,2966,0.5964261631827377,-16.661746978759766,-49418.7421875
lstm_v2_base,4,sell,val,0.54,2710,0.6025830258302584,-16.2030029296875,-43910.13671875
lstm_v2_base,4,sell,val,0.55,2502,0.6039168665067945,-16.1597900390625,-40431.796875
lstm_v2_base,4,sell,val,0.56,2286,0.60498687664042,-17.48213005065918,-39964.1484375
lstm_v2_base,4,sell,val,0.57,2094,0.6069723018147087,-16.729007720947266,-35030.54296875
lstm_v2_base,4,sell,val,0.58,1922,0.6056191467221644,-18.25579071044922,-35087.62890625
lstm_v2_base,4,sell,val,0.59,1742,0.6130884041331802,-17.36747932434082,-30254.1484375
lstm_v2_base,4,sell,val,0.6,1559,0.6298909557408595,-14.277176856994629,-22258.119140625
lstm_v2_base,4,sell,val,0.61,1414,0.64002828854314,-13.198030471801758,-18662.015625
lstm_v2_base,4,sell,val,0.62,1272,0.639937106918239,-13.939231872558594,-17730.703125
lstm_v2_base,4,sell,val,0.63,1136,0.641725352112676,-13.61348819732666,-15464.9228515625
lstm_v2_base,4,sell,val,0.64,1010,0.6415841584158416,-13.73060131072998,-13867.9072265625
lstm_v2_base,4,sell,val,0.65,900,0.6422222222222222,-15.289726257324219,-13760.75390625
lstm_v2_base,4,sell,val,0.66,785,0.6471337579617834,-13.514490127563477,-10608.875
lstm_v2_base,4,sell,val,0.67,682,0.655425219941349,-15.297080993652344,-10432.609375
lstm_v2_base,4,sell,val,0.68,584,0.6592465753424658,-15.899352073669434,-9285.2216796875
lstm_v2_base,4,sell,val,0.69,509,0.6463654223968566,-18.867807388305664,-9603.7138671875
lstm_v2_base,4,sell,val,0.7,428,0.6425233644859814,-20.577919006347656,-8807.349609375
lstm_v2_base,4,sell,val,0.71,335,0.6447761194029851,-23.448942184448242,-7855.3955078125
lstm_v2_base,4,sell,val,0.72,255,0.6509803921568628,-21.4259033203125,-5463.60546875
lstm_v2_base,4,sell,val,0.73,198,0.6666666666666666,-19.455219268798828,-3852.133544921875
lstm_v2_base,4,sell,val,0.74,141,0.6950354609929078,-10.157035827636719,-1432.14208984375
lstm_v2_base,4,sell,val,0.75,104,0.7596153846153846,9.789778709411621,1018.136962890625
lstm_v2_base,4,sell,val,0.76,68,0.8235294117647058,37.232181549072266,2531.788330078125
lstm_v2_base,4,sell,val,0.77,51,0.7843137254901961,20.753252029418945,1058.4158935546875
lstm_v2_base,4,sell,val,0.78,37,0.8108108108108109,22.497600555419922,832.4111938476562
lstm_v2_base,4,sell,val,0.79,18,0.8333333333333334,30.9864501953125,557.756103515625
lstm_v2_base,4,sell,val,0.8,6,1.0,112.51631927490234,675.097900390625
lstm_v2_base,4,sell,val,0.81,4,1.0,113.6527099609375,454.61083984375
lstm_v2_base,4,sell,val,0.82,1,1.0,119.13555908203125,119.13555908203125
lstm_v2_base,4,sell,val,0.83,0,,,0.0
lstm_v2_base,4,sell,val,0.84,0,,,0.0
lstm_v2_base,4,sell,val,0.85,0,,,0.0
lstm_v2_base,4,sell,val,0.0,12103,0.4938445013632984,-10.413779258728027,-126037.96875
lstm_v2_base,4,sell,test,0.5,11332,0.6036886692552065,-2.4350504875183105,-27593.9921875
lstm_v2_base,4,sell,test,0.51,10802,0.6062766154415848,-2.690629720687866,-29064.181640625
lstm_v2_base,4,sell,test,0.52,10261,0.6098820777701979,-2.847292900085449,-29216.072265625
lstm_v2_base,4,sell,test,0.53,9712,0.6126441515650741,-3.1800546646118164,-30884.69140625
lstm_v2_base,4,sell,test,0.54,9153,0.6171746968207146,-2.7306363582611084,-24993.515625
lstm_v2_base,4,sell,test,0.55,8582,0.6209508273129807,-3.0416674613952637,-26103.58984375
lstm_v2_base,4,sell,test,0.56,8066,0.6232333250681874,-3.929952383041382,-31698.99609375
lstm_v2_base,4,sell,test,0.57,7541,0.6292268929850152,-3.5054209232330322,-26434.37890625
lstm_v2_base,4,sell,test,0.58,7076,0.6301582815149802,-4.264959335327148,-30178.8515625
lstm_v2_base,4,sell,test,0.59,6565,0.6307692307692307,-5.457285404205322,-35827.078125
lstm_v2_base,4,sell,test,0.6,6133,0.6352519158649926,-4.8348388671875,-29652.06640625
lstm_v2_base,4,sell,test,0.61,5688,0.6381856540084389,-4.708914756774902,-26784.306640625
lstm_v2_base,4,sell,test,0.62,5246,0.6416317194052612,-4.820399761199951,-25287.818359375
lstm_v2_base,4,sell,test,0.63,4850,0.6441237113402062,-5.157197952270508,-25012.41015625
lstm_v2_base,4,sell,test,0.64,4420,0.6493212669683258,-4.030571460723877,-17815.125
lstm_v2_base,4,sell,test,0.65,4026,0.6520119225037257,-3.5487515926361084,-14287.2734375
lstm_v2_base,4,sell,test,0.66,3591,0.6516290726817042,-5.482906341552734,-19689.1171875
lstm_v2_base,4,sell,test,0.67,3228,0.6493184634448576,-7.406192302703857,-23907.189453125
lstm_v2_base,4,sell,test,0.68,2835,0.6507936507936508,-8.800458908081055,-24949.30078125
lstm_v2_base,4,sell,test,0.69,2413,0.6701201823456279,-3.4804792404174805,-8398.396484375
lstm_v2_base,4,sell,test,0.7,2079,0.6753246753246753,-2.7746434211730957,-5768.48388671875
lstm_v2_base,4,sell,test,0.71,1747,0.6914710933028048,0.18667981028556824,326.129638671875
lstm_v2_base,4,sell,test,0.72,1435,0.6912891986062718,0.06981741636991501,100.18798828125
lstm_v2_base,4,sell,test,0.73,1139,0.7050043898156277,3.3421473503112793,3806.705810546875
lstm_v2_base,4,sell,test,0.74,882,0.699546485260771,-0.21508567035198212,-189.70556640625
lstm_v2_base,4,sell,test,0.75,688,0.7165697674418605,2.330148696899414,1603.142333984375
lstm_v2_base,4,sell,test,0.76,501,0.7065868263473054,-3.623788356781006,-1815.5179443359375
lstm_v2_base,4,sell,test,0.77,355,0.7098591549295775,-1.5900806188583374,-564.4786376953125
lstm_v2_base,4,sell,test,0.78,236,0.7161016949152542,-1.8622767925262451,-439.497314453125
lstm_v2_base,4,sell,test,0.79,142,0.704225352112676,-6.698493957519531,-951.1861572265625
lstm_v2_base,4,sell,test,0.8,87,0.7011494252873564,-10.436463356018066,-907.9723510742188
lstm_v2_base,4,sell,test,0.81,45,0.6666666666666666,-17.684467315673828,-795.801025390625
lstm_v2_base,4,sell,test,0.82,20,0.65,-6.371452331542969,-127.42904663085938
lstm_v2_base,4,sell,test,0.83,12,0.6666666666666666,7.708714962005615,92.50457763671875
lstm_v2_base,4,sell,test,0.84,5,0.8,58.303062438964844,291.51531982421875
lstm_v2_base,4,sell,test,0.85,0,,,0.0
lstm_v2_base,4,sell,test,0.0,23688,0.5183215130023641,-2.5486481189727783,-60372.375
lstm_v2_base,5,buy,val,0.5,6695,0.5989544436146378,-13.29598331451416,-89016.609375
lstm_v2_base,5,buy,val,0.51,6375,0.6045490196078431,-12.904994010925293,-82269.3359375
lstm_v2_base,5,buy,val,0.52,6103,0.6062592167786335,-14.324153900146484,-87420.3125
lstm_v2_base,5,buy,val,0.53,5829,0.6105678504031566,-15.089302062988281,-87955.5390625
lstm_v2_base,5,buy,val,0.54,5564,0.6182602444284687,-14.345004081726074,-79815.6015625
lstm_v2_base,5,buy,val,0.55,5344,0.6221931137724551,-14.2534818649292,-76170.609375
lstm_v2_base,5,buy,val,0.56,5099,0.6252206314963719,-14.26689624786377,-72746.90625
lstm_v2_base,5,buy,val,0.57,4878,0.6297662976629766,-13.778440475463867,-67211.234375
lstm_v2_base,5,buy,val,0.58,4665,0.6334405144694534,-13.79281997680664,-64343.50390625
lstm_v2_base,5,buy,val,0.59,4450,0.6373033707865169,-14.261746406555176,-63464.7734375
lstm_v2_base,5,buy,val,0.6,4239,0.6407171502712904,-14.01871109008789,-59425.31640625
lstm_v2_base,5,buy,val,0.61,4039,0.6452092102005447,-13.067764282226562,-52780.69921875
lstm_v2_base,5,buy,val,0.62,3814,0.6515469323544835,-11.297102928161621,-43087.15234375
lstm_v2_base,5,buy,val,0.63,3559,0.6515875245855577,-12.469741821289062,-44379.8125
lstm_v2_base,5,buy,val,0.64,3310,0.654380664652568,-13.263272285461426,-43901.4296875
lstm_v2_base,5,buy,val,0.65,3084,0.6598573281452659,-12.734617233276367,-39273.55859375
lstm_v2_base,5,buy,val,0.66,2844,0.659634317862166,-13.550092697143555,-38536.46484375
lstm_v2_base,5,buy,val,0.67,2578,0.6644685802948022,-15.12965202331543,-39004.2421875
lstm_v2_base,5,buy,val,0.68,2320,0.6625,-18.042503356933594,-41858.609375
lstm_v2_base,5,buy,val,0.69,2058,0.6715257531584062,-16.615646362304688,-34195.0
lstm_v2_base,5,buy,val,0.7,1798,0.6713014460511679,-20.190528869628906,-36302.5703125
lstm_v2_base,5,buy,val,0.71,1545,0.6822006472491909,-17.01152801513672,-26282.810546875
lstm_v2_base,5,buy,val,0.72,1266,0.6777251184834123,-20.870981216430664,-26422.662109375
lstm_v2_base,5,buy,val,0.73,1043,0.6893576222435283,-19.70848274230957,-20555.947265625
lstm_v2_base,5,buy,val,0.74,852,0.704225352112676,-16.95598602294922,-14446.5
lstm_v2_base,5,buy,val,0.75,678,0.7079646017699115,-19.474035263061523,-13203.3955078125
lstm_v2_base,5,buy,val,0.76,513,0.7076023391812866,-20.371034622192383,-10450.3408203125
lstm_v2_base,5,buy,val,0.77,363,0.696969696969697,-27.516754150390625,-9988.58203125
lstm_v2_base,5,buy,val,0.78,232,0.7068965517241379,-31.860389709472656,-7391.6103515625
lstm_v2_base,5,buy,val,0.79,114,0.7192982456140351,-27.068531036376953,-3085.8125
lstm_v2_base,5,buy,val,0.8,36,0.6666666666666666,-75.58537292480469,-2721.073486328125
lstm_v2_base,5,buy,val,0.81,3,1.0,125.25778198242188,375.7733459472656
lstm_v2_base,5,buy,val,0.82,1,1.0,138.07652282714844,138.07652282714844
lstm_v2_base,5,buy,val,0.83,0,,,0.0
lstm_v2_base,5,buy,val,0.84,0,,,0.0
lstm_v2_base,5,buy,val,0.85,0,,,0.0
lstm_v2_base,5,buy,val,0.0,13830,0.5111352133044107,-10.928608894348145,-151142.65625
lstm_v2_base,5,buy,test,0.5,11596,0.6389272162814764,11.416324615478516,132383.703125
lstm_v2_base,5,buy,test,0.51,11140,0.6412028725314183,11.052024841308594,123119.5546875
lstm_v2_base,5,buy,test,0.52,10671,0.6453003467341393,11.139397621154785,118868.5078125
lstm_v2_base,5,buy,test,0.53,10233,0.6471220560930323,10.71364974975586,109632.78125
lstm_v2_base,5,buy,test,0.54,9772,0.6526811297584937,11.807753562927246,115385.3671875
lstm_v2_base,5,buy,test,0.55,9334,0.6566316691664881,11.954741477966309,111585.5546875
lstm_v2_base,5,buy,test,0.56,8914,0.6600852591429213,11.457839965820312,102135.1875
lstm_v2_base,5,buy,test,0.57,8480,0.6632075471698113,11.092329978942871,94062.9609375
lstm_v2_base,5,buy,test,0.58,8102,0.6656381140459146,11.038555145263672,89434.375
lstm_v2_base,5,buy,test,0.59,7715,0.6710304601425794,12.252721786499023,94529.75
lstm_v2_base,5,buy,test,0.6,7227,0.6763525667635256,12.340450286865234,89184.4375
lstm_v2_base,5,buy,test,0.61,6823,0.6807855781914114,13.015300750732422,88803.3984375
lstm_v2_base,5,buy,test,0.62,6411,0.6838246763375448,12.947940826416016,83009.25
lstm_v2_base,5,buy,test,0.63,6000,0.6891666666666667,13.971145629882812,83826.875
lstm_v2_base,5,buy,test,0.64,5520,0.6951086956521739,14.488901138305664,79978.734375
lstm_v2_base,5,buy,test,0.65,5072,0.7009069400630915,15.226813316345215,77230.3984375
lstm_v2_base,5,buy,test,0.66,4636,0.7057808455565142,15.373029708862305,71269.3671875
lstm_v2_base,5,buy,test,0.67,4142,0.7100434572670208,15.290058135986328,63331.421875
lstm_v2_base,5,buy,test,0.68,3698,0.7120064899945917,14.803531646728516,54743.4609375
lstm_v2_base,5,buy,test,0.69,3218,0.7221876942200124,17.859647750854492,57472.34765625
lstm_v2_base,5,buy,test,0.7,2788,0.7245337159253945,16.881362915039062,47065.2421875
lstm_v2_base,5,buy,test,0.71,2343,0.7336747759282971,16.006275177001953,37502.703125
lstm_v2_base,5,buy,test,0.72,1925,0.7371428571428571,14.823486328125,28535.2109375
lstm_v2_base,5,buy,test,0.73,1561,0.7463164638052531,14.614160537719727,22812.705078125
lstm_v2_base,5,buy,test,0.74,1226,0.7610114192495921,19.559110641479492,23979.46875
lstm_v2_base,5,buy,test,0.75,947,0.7560718057022175,15.895892143249512,15053.41015625
lstm_v2_base,5,buy,test,0.76,714,0.7408963585434174,11.990060806274414,8560.9033203125
lstm_v2_base,5,buy,test,0.77,471,0.7579617834394905,19.254165649414062,9068.7119140625
lstm_v2_base,5,buy,test,0.78,285,0.7403508771929824,15.14031982421875,4314.9912109375
lstm_v2_base,5,buy,test,0.79,102,0.7352941176470589,23.51134490966797,2398.1572265625
lstm_v2_base,5,buy,test,0.8,31,0.6774193548387096,1.2998160123825073,40.29429626464844
lstm_v2_base,5,buy,test,0.81,12,0.6666666666666666,17.56669044494629,210.80029296875
lstm_v2_base,5,buy,test,0.82,2,1.0,100.79778289794922,201.59556579589844
lstm_v2_base,5,buy,test,0.83,2,1.0,100.79778289794922,201.59556579589844
lstm_v2_base,5,buy,test,0.84,0,,,0.0
lstm_v2_base,5,buy,test,0.85,0,,,0.0
lstm_v2_base,5,buy,test,0.0,25286,0.5314798702839516,5.37785005569458,135984.3125
lstm_v2_base,5,sell,val,0.5,7336,0.5928298800436205,-6.868406295776367,-50386.62890625
lstm_v2_base,5,sell,val,0.51,7053,0.5954912803062526,-7.258639812469482,-51195.1875
lstm_v2_base,5,sell,val,0.52,6733,0.601514926481509,-7.064119815826416,-47562.71875
lstm_v2_base,5,sell,val,0.53,6378,0.6059893383505801,-6.653075695037842,-42433.31640625
lstm_v2_base,5,sell,val,0.54,6035,0.6107705053852527,-6.617225170135498,-39934.953125
lstm_v2_base,5,sell,val,0.55,5675,0.6155066079295154,-6.861807346343994,-38940.7578125
lstm_v2_base,5,sell,val,0.56,5349,0.6191811553561414,-6.538106441497803,-34972.33203125
lstm_v2_base,5,sell,val,0.57,5039,0.6219487993649534,-7.515523433685303,-37870.72265625
lstm_v2_base,5,sell,val,0.58,4770,0.6268343815513627,-6.964809417724609,-33222.140625
lstm_v2_base,5,sell,val,0.59,4447,0.6334607600629638,-6.279934883117676,-27926.87109375
lstm_v2_base,5,sell,val,0.6,4108,0.6433787731256085,-4.686233043670654,-19251.044921875
lstm_v2_base,5,sell,val,0.61,3815,0.6458715596330276,-5.110376358032227,-19496.0859375
lstm_v2_base,5,sell,val,0.62,3546,0.6500282007896221,-5.491520881652832,-19472.93359375
lstm_v2_base,5,sell,val,0.63,3263,0.6558381857186638,-5.9223103523254395,-19324.498046875
lstm_v2_base,5,sell,val,0.64,2973,0.6626303397241843,-5.02227783203125,-14931.232421875
lstm_v2_base,5,sell,val,0.65,2679,0.6730123180291153,-2.1235294342041016,-5688.935546875
lstm_v2_base,5,sell,val,0.66,2377,0.6790071518721077,-1.109418511390686,-2637.087890625
lstm_v2_base,5,sell,val,0.67,2102,0.681255946717412,-2.0362019538879395,-4280.0966796875
lstm_v2_base,5,sell,val,0.68,1813,0.694980694980695,3.6974704265594482,6703.513671875
lstm_v2_base,5,sell,val,0.69,1600,0.694375,4.119497776031494,6591.1962890625
lstm_v2_base,5,sell,val,0.7,1354,0.6964549483013294,6.000715255737305,8124.96875
lstm_v2_base,5,sell,val,0.71,1146,0.6989528795811518,3.85491943359375,4417.73779296875
lstm_v2_base,5,sell,val,0.72,958,0.6962421711899791,0.759033739566803,727.154296875
lstm_v2_base,5,sell,val,0.73,760,0.7092105263157895,6.546170234680176,4975.08935546875
lstm_v2_base,5,sell,val,0.74,608,0.7368421052631579,19.5572566986084,11890.8115234375
lstm_v2_base,5,sell,val,0.75,475,0.7578947368421053,33.6798095703125,15997.9091796875
lstm_v2_base,5,sell,val,0.76,355,0.7690140845070422,43.03496551513672,15277.4130859375
lstm_v2_base,5,sell,val,0.77,267,0.7528089887640449,32.5181884765625,8682.3564453125
lstm_v2_base,5,sell,val,0.78,154,0.7272727272727273,36.91108703613281,5684.3076171875
lstm_v2_base,5,sell,val,0.79,89,0.7528089887640449,50.365257263183594,4482.5078125
lstm_v2_base,5,sell,val,0.8,44,0.7727272727272727,54.32439041137695,2390.273193359375
lstm_v2_base,5,sell,val,0.81,8,0.625,-211.89324951171875,-1695.14599609375
lstm_v2_base,5,sell,val,0.82,2,0.5,-360.82904052734375,-721.6580810546875
lstm_v2_base,5,sell,val,0.83,0,,,0.0
lstm_v2_base,5,sell,val,0.84,0,,,0.0
lstm_v2_base,5,sell,val,0.85,0,,,0.0
lstm_v2_base,5,sell,val,0.0,13010,0.5067640276710222,-8.818535804748535,-114729.15625
lstm_v2_base,5,sell,test,0.5,12505,0.5940023990403839,-3.4429409503936768,-43053.9765625
lstm_v2_base,5,sell,test,0.51,11885,0.6013462347496845,-2.8025848865509033,-33308.72265625
lstm_v2_base,5,sell,test,0.52,11281,0.6048222675294743,-2.9633593559265137,-33429.65625
lstm_v2_base,5,sell,test,0.53,10649,0.6094468964221993,-2.9144318103790283,-31035.78515625
lstm_v2_base,5,sell,test,0.54,10034,0.6137133745266096,-2.9574520587921143,-29675.07421875
lstm_v2_base,5,sell,test,0.55,9445,0.6164107993647433,-3.981470823287964,-37604.9921875
lstm_v2_base,5,sell,test,0.56,8881,0.622227226663664,-3.391616106033325,-30120.943359375
lstm_v2_base,5,sell,test,0.57,8232,0.6280369290573372,-3.326068878173828,-27380.19921875
lstm_v2_base,5,sell,test,0.58,7599,0.6328464271614687,-3.4569427967071533,-26269.30859375
lstm_v2_base,5,sell,test,0.59,6991,0.6389643827778573,-3.9461536407470703,-27587.560546875
lstm_v2_base,5,sell,test,0.6,6475,0.644015444015444,-3.7835047245025635,-24498.193359375
lstm_v2_base,5,sell,test,0.61,5925,0.6479324894514767,-3.655165195465088,-21656.853515625
lstm_v2_base,5,sell,test,0.62,5459,0.6545154790254626,-2.928898572921753,-15988.857421875
lstm_v2_base,5,sell,test,0.63,4962,0.658806932688432,-3.09332013130188,-15349.0546875
lstm_v2_base,5,sell,test,0.64,4505,0.6621531631520533,-3.734058141708374,-16821.931640625
lstm_v2_base,5,sell,test,0.65,3983,0.6708511172483053,-2.514509677886963,-10015.2919921875
lstm_v2_base,5,sell,test,0.66,3526,0.6772546795235395,-1.6666449308395386,-5876.58984375
lstm_v2_base,5,sell,test,0.67,3060,0.6888888888888889,-1.1180264949798584,-3421.1611328125
lstm_v2_base,5,sell,test,0.68,2688,0.6956845238095238,1.4126888513565063,3797.3076171875
lstm_v2_base,5,sell,test,0.69,2317,0.7004747518342684,2.458911418914795,5697.2978515625
lstm_v2_base,5,sell,test,0.7,1942,0.7033985581874357,3.4957432746887207,6788.7333984375
lstm_v2_base,5,sell,test,0.71,1634,0.7019583843329253,0.9169198870658875,1498.2470703125
lstm_v2_base,5,sell,test,0.72,1368,0.7046783625730995,0.5862101912498474,801.935546875
lstm_v2_base,5,sell,test,0.73,1101,0.7166212534059946,5.561864852905273,6123.61328125
lstm_v2_base,5,sell,test,0.74,879,0.7246871444823664,7.200852394104004,6329.54931640625
lstm_v2_base,5,sell,test,0.75,660,0.7393939393939394,11.318977355957031,7470.52490234375
lstm_v2_base,5,sell,test,0.76,491,0.7576374745417516,13.401151657104492,6579.96533203125
lstm_v2_base,5,sell,test,0.77,347,0.7838616714697406,18.738964080810547,6502.42041015625
lstm_v2_base,5,sell,test,0.78,206,0.8009708737864077,28.439788818359375,5858.5966796875
lstm_v2_base,5,sell,test,0.79,112,0.7678571428571429,14.690725326538086,1645.3612060546875
lstm_v2_base,5,sell,test,0.8,58,0.7931034482758621,17.52490997314453,1016.44482421875
lstm_v2_base,5,sell,test,0.81,27,0.9629629629629629,82.64724731445312,2231.4755859375
lstm_v2_base,5,sell,test,0.82,8,1.0,99.66907501220703,797.3526000976562
lstm_v2_base,5,sell,test,0.83,0,,,0.0
lstm_v2_base,5,sell,test,0.84,0,,,0.0
lstm_v2_base,5,sell,test,0.85,0,,,0.0
lstm_v2_base,5,sell,test,0.0,23688,0.5183215130023641,-2.5486481189727783,-60372.375
lstm_v2_seed2,1,buy,val,0.5,13132,0.5198751142247944,-1.9024133682250977,-24982.4921875
lstm_v2_seed2,1,buy,val,0.51,13014,0.520593207315199,-1.969069480895996,-25625.470703125
lstm_v2_seed2,1,buy,val,0.52,12868,0.5214485545539322,-2.113867998123169,-27201.251953125
lstm_v2_seed2,1,buy,val,0.53,12692,0.5214308225653955,-2.3892788887023926,-30324.728515625
lstm_v2_seed2,1,buy,val,0.54,12452,0.5228878894956633,-2.4233076572418213,-30175.02734375
lstm_v2_seed2,1,buy,val,0.55,12217,0.5256609642301711,-2.059408187866211,-25159.7890625
lstm_v2_seed2,1,buy,val,0.56,11891,0.5289714910436465,-1.964316487312317,-23357.6875
lstm_v2_seed2,1,buy,val,0.57,11567,0.5328953056107893,-1.4913265705108643,-17250.173828125
lstm_v2_seed2,1,buy,val,0.58,11300,0.5361061946902654,-1.1945679187774658,-13498.6171875
lstm_v2_seed2,1,buy,val,0.59,10912,0.5399560117302052,-1.3018145561218262,-14205.400390625
lstm_v2_seed2,1,buy,val,0.6,10461,0.5455501386100755,-1.4184685945510864,-14838.599609375
lstm_v2_seed2,1,buy,val,0.61,9978,0.5499098015634396,-2.1136109828948975,-21089.609375
lstm_v2_seed2,1,buy,val,0.62,9477,0.5532341458267385,-3.1954269409179688,-30283.060546875
lstm_v2_seed2,1,buy,val,0.63,8851,0.561066546152977,-2.9062578678131104,-25723.2890625
lstm_v2_seed2,1,buy,val,0.64,8193,0.56841205907482,-2.812124013900757,-23039.732421875
lstm_v2_seed2,1,buy,val,0.65,7446,0.5800429760945474,-2.1435606479644775,-15960.953125
lstm_v2_seed2,1,buy,val,0.66,6728,0.5945303210463734,-0.6154506206512451,-4140.751953125
lstm_v2_seed2,1,buy,val,0.67,6007,0.6001331779590477,-1.9445101022720337,-11680.671875
lstm_v2_seed2,1,buy,val,0.68,5225,0.6088038277511961,-1.5457313060760498,-8076.4462890625
lstm_v2_seed2,1,buy,val,0.69,4397,0.6236070047759836,1.1544461250305176,5076.099609375
lstm_v2_seed2,1,buy,val,0.7,3573,0.6342009515813042,3.733165740966797,13338.6015625
lstm_v2_seed2,1,buy,val,0.71,2794,0.6546170365068003,10.2984619140625,28773.90234375
lstm_v2_seed2,1,buy,val,0.72,2031,0.6686361398325947,15.18210506439209,30834.85546875
lstm_v2_seed2,1,buy,val,0.73,1375,0.6981818181818182,26.466625213623047,36391.609375
lstm_v2_seed2,1,buy,val,0.74,817,0.7099143206854345,20.7310848236084,16937.296875
lstm_v2_seed2,1,buy,val,0.75,393,0.7099236641221374,13.422659873962402,5275.10546875
lstm_v2_seed2,1,buy,val,0.76,163,0.6748466257668712,-14.060383796691895,-2291.842529296875
lstm_v2_seed2,1,buy,val,0.77,52,0.6730769230769231,-8.60630989074707,-447.52813720703125
lstm_v2_seed2,1,buy,val,0.78,19,0.8421052631578947,114.37577056884766,2173.1396484375
lstm_v2_seed2,1,buy,val,0.79,4,0.75,79.04920959472656,316.19683837890625
lstm_v2_seed2,1,buy,val,0.8,1,0.0,-50.0,-50.0
lstm_v2_seed2,1,buy,val,0.81,0,,,0.0
lstm_v2_seed2,1,buy,val,0.82,0,,,0.0
lstm_v2_seed2,1,buy,val,0.83,0,,,0.0
lstm_v2_seed2,1,buy,val,0.84,0,,,0.0
lstm_v2_seed2,1,buy,val,0.85,0,,,0.0
lstm_v2_seed2,1,buy,val,0.0,14290,0.5115465360391882,-2.4572696685791016,-35114.3828125
lstm_v2_seed2,1,buy,test,0.5,18086,0.5774079398429725,11.21480941772461,202831.046875
lstm_v2_seed2,1,buy,test,0.51,17697,0.579363733966209,11.515007019042969,203781.078125
lstm_v2_seed2,1,buy,test,0.52,17287,0.5820558801411465,12.2347993850708,211502.984375
lstm_v2_seed2,1,buy,test,0.53,16886,0.5841525524102807,12.773515701293945,215693.578125
lstm_v2_seed2,1,buy,test,0.54,16466,0.5839912547066682,12.597204208374023,207425.5625
lstm_v2_seed2,1,buy,test,0.55,16047,0.5850937870006855,12.699400901794434,203787.28125
lstm_v2_seed2,1,buy,test,0.56,15540,0.5853281853281853,12.563084602355957,195230.328125
lstm_v2_seed2,1,buy,test,0.57,15066,0.5885437408734899,13.17081069946289,198431.4375
lstm_v2_seed2,1,buy,test,0.58,14498,0.5909780659401297,13.661347389221191,198062.21875
lstm_v2_seed2,1,buy,test,0.59,13880,0.5932276657060519,13.772327423095703,191159.90625
lstm_v2_seed2,1,buy,test,0.6,13249,0.5955921201600121,13.598064422607422,180160.75
lstm_v2_seed2,1,buy,test,0.61,12519,0.5998082913970765,13.826559066772461,173094.6875
lstm_v2_seed2,1,buy,test,0.62,11622,0.609189468249871,14.970968246459961,173992.59375
lstm_v2_seed2,1,buy,test,0.63,10697,0.6212956903804805,17.045068740844727,182331.109375
lstm_v2_seed2,1,buy,test,0.64,9711,0.6312429203995469,18.579614639282227,180426.640625
lstm_v2_seed2,1,buy,test,0.65,8692,0.6396686608375518,19.513717651367188,169613.234375
lstm_v2_seed2,1,buy,test,0.66,7605,0.6507560815253123,20.2772274017334,154208.3125
lstm_v2_seed2,1,buy,test,0.67,6532,0.6609001837109614,21.46855354309082,140232.59375
lstm_v2_seed2,1,buy,test,0.68,5469,0.6730663741086121,24.459793090820312,133770.609375
lstm_v2_seed2,1,buy,test,0.69,4445,0.6861642294713161,25.44508171081543,113103.390625
lstm_v2_seed2,1,buy,test,0.7,3482,0.6998851234922459,29.183134078979492,101615.671875
lstm_v2_seed2,1,buy,test,0.71,2613,0.7114427860696517,31.65459442138672,82713.453125
lstm_v2_seed2,1,buy,test,0.72,1852,0.7262419006479481,36.27531814575195,67181.890625
lstm_v2_seed2,1,buy,test,0.73,1210,0.7347107438016529,42.01985549926758,50844.0234375
lstm_v2_seed2,1,buy,test,0.74,757,0.7542932628797886,47.037017822265625,35607.0234375
lstm_v2_seed2,1,buy,test,0.75,405,0.7481481481481481,37.73908615112305,15284.330078125
lstm_v2_seed2,1,buy,test,0.76,190,0.8263157894736842,74.82844543457031,14217.4052734375
lstm_v2_seed2,1,buy,test,0.77,93,0.8817204301075269,92.30464172363281,8584.33203125
lstm_v2_seed2,1,buy,test,0.78,44,0.8636363636363636,80.27362823486328,3532.039794921875
lstm_v2_seed2,1,buy,test,0.79,25,0.88,76.07470703125,1901.86767578125
lstm_v2_seed2,1,buy,test,0.8,6,0.6666666666666666,-34.673458099365234,-208.04075622558594
lstm_v2_seed2,1,buy,test,0.81,2,1.0,70.53071594238281,141.06143188476562
lstm_v2_seed2,1,buy,test,0.82,0,,,0.0
lstm_v2_seed2,1,buy,test,0.83,0,,,0.0
lstm_v2_seed2,1,buy,test,0.84,0,,,0.0
lstm_v2_seed2,1,buy,test,0.85,0,,,0.0
lstm_v2_seed2,1,buy,test,0.0,25286,0.5314798702839516,5.37785005569458,135984.3125
lstm_v2_seed2,1,sell,val,0.5,10688,0.5813997005988024,13.580613136291504,145149.59375
lstm_v2_seed2,1,sell,val,0.51,10309,0.5839557668057037,12.97426986694336,133751.75
lstm_v2_seed2,1,sell,val,0.52,9895,0.588377968671046,13.21861457824707,130798.1875
lstm_v2_seed2,1,sell,val,0.53,9458,0.5921970818354831,13.57906436920166,128430.7890625
lstm_v2_seed2,1,sell,val,0.54,8877,0.5984003604821448,14.467503547668457,128428.03125
lstm_v2_seed2,1,sell,val,0.55,8369,0.6029394192854582,14.463404655456543,121044.234375
lstm_v2_seed2,1,sell,val,0.56,7699,0.6095596830757242,14.681076049804688,113029.6015625
lstm_v2_seed2,1,sell,val,0.57,7011,0.6184567108828983,15.677447319030762,109914.5859375
lstm_v2_seed2,1,sell,val,0.58,6336,0.6278409090909091,16.57452392578125,105016.1875
lstm_v2_seed2,1,sell,val,0.59,5565,0.6442048517520216,20.26389503479004,112768.578125
lstm_v2_seed2,1,sell,val,0.6,4910,0.6564154786150713,21.751422882080078,106799.484375
lstm_v2_seed2,1,sell,val,0.61,4251,0.6593742648788521,20.26535987854004,86148.046875
lstm_v2_seed2,1,sell,val,0.62,3661,0.6662114176454521,21.32278060913086,78062.703125
lstm_v2_seed2,1,sell,val,0.63,3036,0.6762187088274044,22.94524574279785,69661.765625
lstm_v2_seed2,1,sell,val,0.64,2479,0.6845502218636547,23.484800338745117,58218.8203125
lstm_v2_seed2,1,sell,val,0.65,1982,0.6851664984863775,23.03469467163086,45654.765625
lstm_v2_seed2,1,sell,val,0.66,1498,0.6949265687583445,29.142974853515625,43656.17578125
lstm_v2_seed2,1,sell,val,0.67,1096,0.698905109489051,34.78499984741211,38124.359375
lstm_v2_seed2,1,sell,val,0.68,776,0.7061855670103093,43.826988220214844,34009.7421875
lstm_v2_seed2,1,sell,val,0.69,515,0.7029126213592233,51.035640716552734,26283.35546875
lstm_v2_seed2,1,sell,val,0.7,305,0.7278688524590164,72.0594482421875,21978.130859375
lstm_v2_seed2,1,sell,val,0.71,161,0.7391304347826086,89.67532348632812,14437.7275390625
lstm_v2_seed2,1,sell,val,0.72,96,0.7083333333333334,73.44593811035156,7050.81005859375
lstm_v2_seed2,1,sell,val,0.73,66,0.696969696969697,75.31757354736328,4970.9599609375
lstm_v2_seed2,1,sell,val,0.74,35,0.6857142857142857,99.5534439086914,3484.37060546875
lstm_v2_seed2,1,sell,val,0.75,25,0.72,151.6699981689453,3791.75
lstm_v2_seed2,1,sell,val,0.76,12,0.5,-5.180521488189697,-62.166259765625
lstm_v2_seed2,1,sell,val,0.77,3,0.6666666666666666,9.225955963134766,27.677867889404297
lstm_v2_seed2,1,sell,val,0.78,2,0.5,-29.10173988342285,-58.2034797668457
lstm_v2_seed2,1,sell,val,0.79,1,1.0,58.2034797668457,58.2034797668457
lstm_v2_seed2,1,sell,val,0.8,0,,,0.0
lstm_v2_seed2,1,sell,val,0.81,0,,,0.0
lstm_v2_seed2,1,sell,val,0.82,0,,,0.0
lstm_v2_seed2,1,sell,val,0.83,0,,,0.0
lstm_v2_seed2,1,sell,val,0.84,0,,,0.0
lstm_v2_seed2,1,sell,val,0.85,0,,,0.0
lstm_v2_seed2,1,sell,val,0.0,13093,0.5571679523409455,11.90774917602539,155908.15625
lstm_v2_seed2,1,sell,test,0.5,16789,0.5571505152182977,-2.7841129302978516,-46742.47265625
lstm_v2_seed2,1,sell,test,0.51,16104,0.561661698956781,-2.712996244430542,-43690.08984375
lstm_v2_seed2,1,sell,test,0.52,15367,0.5654974946313529,-2.768359899520874,-42541.38671875
lstm_v2_seed2,1,sell,test,0.53,14468,0.5723666021564833,-2.25408935546875,-32612.1640625
lstm_v2_seed2,1,sell,test,0.54,13521,0.5796168922416981,-1.4231263399124146,-19242.091796875
lstm_v2_seed2,1,sell,test,0.55,12567,0.5856608578021804,-1.5302282571792603,-19230.37890625
lstm_v2_seed2,1,sell,test,0.56,11483,0.5929635112775408,-1.5685334205627441,-18011.46875
lstm_v2_seed2,1,sell,test,0.57,10388,0.5977088948787062,-2.0393223762512207,-21184.48046875
lstm_v2_seed2,1,sell,test,0.58,9286,0.6080120611673487,-0.753664493560791,-6998.5283203125
lstm_v2_seed2,1,sell,test,0.59,8334,0.6181905447564194,0.17615574598312378,1468.08203125
lstm_v2_seed2,1,sell,test,0.6,7362,0.6274110296115186,0.9312299489974976,6855.71484375
lstm_v2_seed2,1,sell,test,0.61,6461,0.6324098436774493,0.7996494770050049,5166.53515625
lstm_v2_seed2,1,sell,test,0.62,5564,0.6394680086268871,1.3999230861663818,7789.171875
lstm_v2_seed2,1,sell,test,0.63,4675,0.6447058823529411,1.7217003107070923,8048.94921875
lstm_v2_seed2,1,sell,test,0.64,3885,0.6509652509652509,2.588881492614746,10057.8046875
lstm_v2_seed2,1,sell,test,0.65,3101,0.6481780070944857,0.467881441116333,1450.900390625
lstm_v2_seed2,1,sell,test,0.66,2364,0.6615905245346869,1.2901257276535034,3049.857177734375
lstm_v2_seed2,1,sell,test,0.67,1795,0.6746518105849583,3.769387722015381,6766.05078125
lstm_v2_seed2,1,sell,test,0.68,1375,0.6734545454545454,5.801969528198242,7977.7080078125
lstm_v2_seed2,1,sell,test,0.69,1004,0.6673306772908366,2.9684715270996094,2980.345458984375
lstm_v2_seed2,1,sell,test,0.7,638,0.7021943573667712,16.917741775512695,10793.51953125
lstm_v2_seed2,1,sell,test,0.71,375,0.6826666666666666,12.669291496276855,4750.984375
lstm_v2_seed2,1,sell,test,0.72,232,0.646551724137931,9.668002128601074,2242.9765625
lstm_v2_seed2,1,sell,test,0.73,170,0.6058823529411764,-0.4816521108150482,-81.880859375
lstm_v2_seed2,1,sell,test,0.74,118,0.6101694915254238,3.3144381046295166,391.10369873046875
lstm_v2_seed2,1,sell,test,0.75,74,0.6621621621621622,21.548967361450195,1594.62353515625
lstm_v2_seed2,1,sell,test,0.76,50,0.58,-1.2373380661010742,-61.866905212402344
lstm_v2_seed2,1,sell,test,0.77,17,0.7647058823529411,29.94037437438965,508.9863586425781
lstm_v2_seed2,1,sell,test,0.78,10,0.8,34.136146545410156,341.3614501953125
lstm_v2_seed2,1,sell,test,0.79,5,1.0,105.5428237915039,527.714111328125
lstm_v2_seed2,1,sell,test,0.8,0,,,0.0
lstm_v2_seed2,1,sell,test,0.81,0,,,0.0
lstm_v2_seed2,1,sell,test,0.82,0,,,0.0
lstm_v2_seed2,1,sell,test,0.83,0,,,0.0
lstm_v2_seed2,1,sell,test,0.84,0,,,0.0
lstm_v2_seed2,1,sell,test,0.85,0,,,0.0
lstm_v2_seed2,1,sell,test,0.0,23688,0.5183215130023641,-2.5486481189727783,-60372.375
lstm_v2_seed2,2,buy,val,0.5,5461,0.5894524812305438,-11.701387405395508,-63901.27734375
lstm_v2_seed2,2,buy,val,0.51,5027,0.5945892182216034,-12.765975952148438,-64174.5625
lstm_v2_seed2,2,buy,val,0.52,4606,0.6022579244463743,-12.612038612365723,-58091.05078125
lstm_v2_seed2,2,buy,val,0.53,4241,0.6059891535015327,-12.810750961303711,-54330.39453125
lstm_v2_seed2,2,buy,val,0.54,3805,0.6086727989487516,-14.216425895690918,-54093.5
lstm_v2_seed2,2,buy,val,0.55,3443,0.6166134185303515,-13.924490928649902,-47942.0234375
lstm_v2_seed2,2,buy,val,0.56,3065,0.6208809135399673,-14.504940032958984,-44457.640625
lstm_v2_seed2,2,buy,val,0.57,2729,0.6240381091975082,-14.591432571411133,-39820.01953125
lstm_v2_seed2,2,buy,val,0.58,2388,0.626465661641541,-16.361343383789062,-39070.88671875
lstm_v2_seed2,2,buy,val,0.59,2061,0.6268801552644347,-18.827547073364258,-38803.57421875
lstm_v2_seed2,2,buy,val,0.6,1753,0.6297775242441529,-23.39847755432129,-41017.53125
lstm_v2_seed2,2,buy,val,0.61,1501,0.6295802798134577,-24.874155044555664,-37336.10546875
lstm_v2_seed2,2,buy,val,0.62,1265,0.6324110671936759,-24.333778381347656,-30782.228515625
lstm_v2_seed2,2,buy,val,0.63,1035,0.6454106280193237,-20.143381118774414,-20848.400390625
lstm_v2_seed2,2,buy,val,0.64,822,0.6435523114355232,-23.29216957092285,-19146.1640625
lstm_v2_seed2,2,buy,val,0.65,661,0.6626323751891074,-13.867644309997559,-9166.5126953125
lstm_v2_seed2,2,buy,val,0.66,524,0.666030534351145,-11.3257417678833,-5934.6884765625
lstm_v2_seed2,2,buy,val,0.67,387,0.689922480620155,-4.435894966125488,-1716.69140625
lstm_v2_seed2,2,buy,val,0.68,271,0.7011070110701108,7.405203342437744,2006.81005859375
lstm_v2_seed2,2,buy,val,0.69,193,0.7305699481865285,25.800729751586914,4979.541015625
lstm_v2_seed2,2,buy,val,0.7,124,0.7016129032258065,14.691145896911621,1821.7021484375
lstm_v2_seed2,2,buy,val,0.71,82,0.7073170731707317,26.594253540039062,2180.728759765625
lstm_v2_seed2,2,buy,val,0.72,51,0.7058823529411765,38.26492691040039,1951.5113525390625
lstm_v2_seed2,2,buy,val,0.73,33,0.7575757575757576,56.096473693847656,1851.18359375
lstm_v2_seed2,2,buy,val,0.74,23,0.8260869565217391,110.96278381347656,2552.14404296875
lstm_v2_seed2,2,buy,val,0.75,15,0.8,107.9342041015625,1619.0130615234375
lstm_v2_seed2,2,buy,val,0.76,0,,,0.0
lstm_v2_seed2,2,buy,val,0.77,0,,,0.0
lstm_v2_seed2,2,buy,val,0.78,0,,,0.0
lstm_v2_seed2,2,buy,val,0.79,0,,,0.0
lstm_v2_seed2,2,buy,val,0.8,0,,,0.0
lstm_v2_seed2,2,buy,val,0.81,0,,,0.0
lstm_v2_seed2,2,buy,val,0.82,0,,,0.0
lstm_v2_seed2,2,buy,val,0.83,0,,,0.0
lstm_v2_seed2,2,buy,val,0.84,0,,,0.0
lstm_v2_seed2,2,buy,val,0.85,0,,,0.0
lstm_v2_seed2,2,buy,val,0.0,11469,0.5162612259133316,-5.395611763000488,-61882.26953125
lstm_v2_seed2,2,buy,test,0.5,14015,0.5927934356047092,4.93532657623291,69168.6015625
lstm_v2_seed2,2,buy,test,0.51,13192,0.5985445724681625,4.978888511657715,65681.5
lstm_v2_seed2,2,buy,test,0.52,12354,0.6016674761210944,4.472268581390381,55250.40625
lstm_v2_seed2,2,buy,test,0.53,11507,0.6078908490484053,5.033520221710205,57920.71875
lstm_v2_seed2,2,buy,test,0.54,10702,0.6135301812745281,5.275844097137451,56462.08203125
lstm_v2_seed2,2,buy,test,0.55,9993,0.6163314320024017,5.0752129554748535,50716.6015625
lstm_v2_seed2,2,buy,test,0.56,9147,0.6188914398163332,4.4643988609313965,40835.85546875
lstm_v2_seed2,2,buy,test,0.57,8375,0.623044776119403,3.979381561279297,33327.3203125
lstm_v2_seed2,2,buy,test,0.58,7634,0.6298139900445376,4.761600017547607,36350.0546875
lstm_v2_seed2,2,buy,test,0.59,6919,0.6326058678999855,4.104200839996338,28396.966796875
lstm_v2_seed2,2,buy,test,0.6,6208,0.6435244845360825,5.800441265106201,36009.140625
lstm_v2_seed2,2,buy,test,0.61,5522,0.6524809851503078,7.367588043212891,40683.8203125
lstm_v2_seed2,2,buy,test,0.62,4912,0.6596091205211726,8.357376098632812,41051.4296875
lstm_v2_seed2,2,buy,test,0.63,4305,0.6682926829268293,9.282910346984863,39962.9296875
lstm_v2_seed2,2,buy,test,0.64,3761,0.6724275458654613,8.970247268676758,33737.1015625
lstm_v2_seed2,2,buy,test,0.65,3276,0.6794871794871795,10.192886352539062,33391.89453125
lstm_v2_seed2,2,buy,test,0.66,2778,0.6857451403887689,9.000936508178711,25004.6015625
lstm_v2_seed2,2,buy,test,0.67,2332,0.6873927958833619,7.090388298034668,16534.78515625
lstm_v2_seed2,2,buy,test,0.68,1915,0.6835509138381201,3.9982290267944336,7656.6083984375
lstm_v2_seed2,2,buy,test,0.69,1560,0.6865384615384615,4.796823024749756,7483.0439453125
lstm_v2_seed2,2,buy,test,0.7,1258,0.6955484896661367,4.188955307006836,5269.70556640625
lstm_v2_seed2,2,buy,test,0.71,964,0.696058091286307,3.805692434310913,3668.6875
lstm_v2_seed2,2,buy,test,0.72,737,0.6974219810040706,1.073689341545105,791.30908203125
lstm_v2_seed2,2,buy,test,0.73,556,0.7122302158273381,5.000185966491699,2780.103515625
lstm_v2_seed2,2,buy,test,0.74,400,0.7275,9.339659690856934,3735.864013671875
lstm_v2_seed2,2,buy,test,0.75,267,0.7340823970037453,7.360354423522949,1965.214599609375
lstm_v2_seed2,2,buy,test,0.76,171,0.7543859649122807,8.327230453491211,1423.9564208984375
lstm_v2_seed2,2,buy,test,0.77,96,0.71875,0.3976084291934967,38.17041015625
lstm_v2_seed2,2,buy,test,0.78,40,0.775,23.21724510192871,928.6898193359375
lstm_v2_seed2,2,buy,test,0.79,7,0.8571428571428571,81.15837097167969,568.1085815429688
lstm_v2_seed2,2,buy,test,0.8,3,1.0,169.31024169921875,507.93072509765625
lstm_v2_seed2,2,buy,test,0.81,0,,,0.0
lstm_v2_seed2,2,buy,test,0.82,0,,,0.0
lstm_v2_seed2,2,buy,test,0.83,0,,,0.0
lstm_v2_seed2,2,buy,test,0.84,0,,,0.0
lstm_v2_seed2,2,buy,test,0.85,0,,,0.0
lstm_v2_seed2,2,buy,test,0.0,25286,0.5314798702839516,5.37785005569458,135984.3125
lstm_v2_seed2,2,sell,val,0.5,7810,0.6156209987195903,14.16563606262207,110633.6171875
lstm_v2_seed2,2,sell,val,0.51,7497,0.6195811657996532,14.311277389526367,107291.6484375
lstm_v2_seed2,2,sell,val,0.52,7161,0.6257505934925289,15.460667610168457,110713.84375
lstm_v2_seed2,2,sell,val,0.53,6796,0.6293407886992348,15.543015480041504,105630.3359375
lstm_v2_seed2,2,sell,val,0.54,6451,0.6343202604247403,15.854671478271484,102278.484375
lstm_v2_seed2,2,sell,val,0.55,6139,0.6383775859260465,15.919858932495117,97732.015625
lstm_v2_seed2,2,sell,val,0.56,5850,0.6435897435897436,16.310579299926758,95416.890625
lstm_v2_seed2,2,sell,val,0.57,5558,0.6478949262324577,16.68023681640625,92708.7578125
lstm_v2_seed2,2,sell,val,0.58,5260,0.6520912547528517,16.281234741210938,85639.296875
lstm_v2_seed2,2,sell,val,0.59,4994,0.6593912695234281,17.195438385009766,85874.015625
lstm_v2_seed2,2,sell,val,0.6,4721,0.6653251429781826,18.09235382080078,85414.0
lstm_v2_seed2,2,sell,val,0.61,4420,0.6719457013574661,18.419342041015625,81413.4921875
lstm_v2_seed2,2,sell,val,0.62,4151,0.6769453143820766,18.485116958618164,76731.71875
lstm_v2_seed2,2,sell,val,0.63,3845,0.6837451235370611,18.943693161010742,72838.5
lstm_v2_seed2,2,sell,val,0.64,3538,0.6882419446014697,18.234844207763672,64514.87890625
lstm_v2_seed2,2,sell,val,0.65,3223,0.6996587030716723,20.153566360473633,64954.9453125
lstm_v2_seed2,2,sell,val,0.66,2897,0.7059026579219883,19.702695846557617,57078.7109375
lstm_v2_seed2,2,sell,val,0.67,2556,0.7132237871674492,19.703149795532227,50361.25
lstm_v2_seed2,2,sell,val,0.68,2192,0.7258211678832117,20.65376853942871,45273.05859375
lstm_v2_seed2,2,sell,val,0.69,1891,0.7318878900052882,20.05878448486328,37931.16015625
lstm_v2_seed2,2,sell,val,0.7,1603,0.7379912663755459,20.21124839782715,32398.630859375
lstm_v2_seed2,2,sell,val,0.71,1265,0.7462450592885376,21.469614028930664,27159.060546875
lstm_v2_seed2,2,sell,val,0.72,969,0.7574819401444789,21.241867065429688,20583.369140625
lstm_v2_seed2,2,sell,val,0.73,688,0.7892441860465116,29.698171615600586,20432.341796875
lstm_v2_seed2,2,sell,val,0.74,459,0.803921568627451,31.812658309936523,14602.009765625
lstm_v2_seed2,2,sell,val,0.75,292,0.8321917808219178,41.3526496887207,12074.9736328125
lstm_v2_seed2,2,sell,val,0.76,164,0.8292682926829268,35.85918045043945,5880.90576171875
lstm_v2_seed2,2,sell,val,0.77,89,0.9213483146067416,69.03720092773438,6144.31103515625
lstm_v2_seed2,2,sell,val,0.78,42,0.9523809523809523,78.6622314453125,3303.813720703125
lstm_v2_seed2,2,sell,val,0.79,14,0.9285714285714286,63.6573486328125,891.202880859375
lstm_v2_seed2,2,sell,val,0.8,5,1.0,87.93009948730469,439.6505126953125
lstm_v2_seed2,2,sell,val,0.81,3,1.0,85.18285369873047,255.54856872558594
lstm_v2_seed2,2,sell,val,0.82,0,,,0.0
lstm_v2_seed2,2,sell,val,0.83,0,,,0.0
lstm_v2_seed2,2,sell,val,0.84,0,,,0.0
lstm_v2_seed2,2,sell,val,0.85,0,,,0.0
lstm_v2_seed2,2,sell,val,0.0,11913,0.5516662469571056,10.749048233032227,128053.40625
lstm_v2_seed2,2,sell,test,0.5,12440,0.592443729903537,-1.9675159454345703,-24475.8984375
lstm_v2_seed2,2,sell,test,0.51,11858,0.5967279473772981,-1.9099587202072144,-22648.291015625
lstm_v2_seed2,2,sell,test,0.52,11280,0.6032801418439716,-1.1026358604431152,-12437.732421875
lstm_v2_seed2,2,sell,test,0.53,10723,0.6064534178867854,-1.253783106803894,-13444.31640625
lstm_v2_seed2,2,sell,test,0.54,10130,0.6101678183613031,-1.3635847568511963,-13813.11328125
lstm_v2_seed2,2,sell,test,0.55,9553,0.6149900554799539,-0.8733530640602112,-8343.1416015625
lstm_v2_seed2,2,sell,test,0.56,9013,0.6213247531343615,-0.27825984358787537,-2507.9560546875
lstm_v2_seed2,2,sell,test,0.57,8429,0.6233242377506228,-1.2656984329223633,-10668.572265625
lstm_v2_seed2,2,sell,test,0.58,7943,0.6284779050736498,-1.1102570295333862,-8818.771484375
lstm_v2_seed2,2,sell,test,0.59,7383,0.6367330353514832,-0.28657644987106323,-2115.7939453125
lstm_v2_seed2,2,sell,test,0.6,6864,0.6446678321678322,0.8252321481704712,5664.3935546875
lstm_v2_seed2,2,sell,test,0.61,6356,0.6475770925110133,0.3731430470943451,2371.697265625
lstm_v2_seed2,2,sell,test,0.62,5927,0.6527754344525055,0.40577036142349243,2405.0009765625
lstm_v2_seed2,2,sell,test,0.63,5458,0.6584829607914987,1.048830509185791,5724.5166015625
lstm_v2_seed2,2,sell,test,0.64,4979,0.6613777867041575,0.7604650259017944,3786.35546875
lstm_v2_seed2,2,sell,test,0.65,4505,0.6679245283018868,1.3205556869506836,5949.103515625
lstm_v2_seed2,2,sell,test,0.66,4016,0.6715637450199203,1.35137140750885,5427.107421875
lstm_v2_seed2,2,sell,test,0.67,3569,0.6783412720650042,2.3971822261810303,8555.54296875
lstm_v2_seed2,2,sell,test,0.68,3124,0.6779769526248399,0.5275130271911621,1647.95068359375
lstm_v2_seed2,2,sell,test,0.69,2705,0.6820702402957486,0.025654351338744164,69.39501953125
lstm_v2_seed2,2,sell,test,0.7,2304,0.6940104166666666,2.888545036315918,6655.20751953125
lstm_v2_seed2,2,sell,test,0.71,1927,0.6974571873378308,4.100338935852051,7901.353515625
lstm_v2_seed2,2,sell,test,0.72,1557,0.6942838792549775,0.9819726347923279,1528.931396484375
lstm_v2_seed2,2,sell,test,0.73,1220,0.7049180327868853,2.068998098373413,2524.177734375
lstm_v2_seed2,2,sell,test,0.74,919,0.7105549510337323,0.5089859366416931,467.758056640625
lstm_v2_seed2,2,sell,test,0.75,651,0.717357910906298,-1.6639161109924316,-1083.2093505859375
lstm_v2_seed2,2,sell,test,0.76,438,0.7397260273972602,4.599966049194336,2014.7850341796875
lstm_v2_seed2,2,sell,test,0.77,283,0.6996466431095406,-12.729413032531738,-3602.423828125
lstm_v2_seed2,2,sell,test,0.78,153,0.7516339869281046,-0.13597355782985687,-20.803955078125
lstm_v2_seed2,2,sell,test,0.79,71,0.8028169014084507,23.529762268066406,1670.6131591796875
lstm_v2_seed2,2,sell,test,0.8,37,0.7567567567567568,17.69501304626465,654.7154541015625
lstm_v2_seed2,2,sell,test,0.81,6,0.6666666666666666,-44.83870315551758,-269.0322265625
lstm_v2_seed2,2,sell,test,0.82,0,,,0.0
lstm_v2_seed2,2,sell,test,0.83,0,,,0.0
lstm_v2_seed2,2,sell,test,0.84,0,,,0.0
lstm_v2_seed2,2,sell,test,0.85,0,,,0.0
lstm_v2_seed2,2,sell,test,0.0,23688,0.5183215130023641,-2.5486481189727783,-60372.375
lstm_v2_seed2,3,buy,val,0.5,6080,0.6111842105263158,-1.4163278341293335,-8611.2734375
lstm_v2_seed2,3,buy,val,0.51,5832,0.6140260631001372,-1.6714041233062744,-9747.62890625
lstm_v2_seed2,3,buy,val,0.52,5577,0.6178949255872332,-1.4427489042282104,-8046.2109375
lstm_v2_seed2,3,buy,val,0.53,5333,0.6214138383648978,-1.3127468824386597,-7000.87890625
lstm_v2_seed2,3,buy,val,0.54,5083,0.6226637812315562,-1.987949252128601,-10104.74609375
lstm_v2_seed2,3,buy,val,0.55,4854,0.6250515039142975,-2.7764439582824707,-13476.859375
lstm_v2_seed2,3,buy,val,0.56,4614,0.6276549631556133,-3.397596836090088,-15676.51171875
lstm_v2_seed2,3,buy,val,0.57,4367,0.6308678726814747,-3.5158746242523193,-15353.82421875
lstm_v2_seed2,3,buy,val,0.58,4098,0.635187896534895,-3.5729787349700928,-14642.06640625
lstm_v2_seed2,3,buy,val,0.59,3843,0.6403851157949518,-2.154616594314575,-8280.19140625
lstm_v2_seed2,3,buy,val,0.6,3580,0.6435754189944134,-2.352019786834717,-8420.23046875
lstm_v2_seed2,3,buy,val,0.61,3324,0.6459085439229844,-2.8124845027923584,-9348.6982421875
lstm_v2_seed2,3,buy,val,0.62,3067,0.654385392892077,-2.0341403484344482,-6238.70849609375
lstm_v2_seed2,3,buy,val,0.63,2800,0.6578571428571428,-1.4670239686965942,-4107.6669921875
lstm_v2_seed2,3,buy,val,0.64,2543,0.6645694062131341,-1.5126906633377075,-3846.7724609375
lstm_v2_seed2,3,buy,val,0.65,2284,0.6681260945709282,-1.079776644706726,-2466.2099609375
lstm_v2_seed2,3,buy,val,0.66,2044,0.6702544031311155,-2.4754207134246826,-5059.759765625
lstm_v2_seed2,3,buy,val,0.67,1836,0.6786492374727668,0.40323469042778015,740.3388671875
lstm_v2_seed2,3,buy,val,0.68,1599,0.6722951844903065,-4.393165588378906,-7024.671875
lstm_v2_seed2,3,buy,val,0.69,1397,0.6728704366499642,-6.013253211975098,-8400.5146484375
lstm_v2_seed2,3,buy,val,0.7,1227,0.680521597392013,-5.211635112762451,-6394.67626953125
lstm_v2_seed2,3,buy,val,0.71,1026,0.6861598440545809,-4.305814266204834,-4417.765625
lstm_v2_seed2,3,buy,val,0.72,857,0.6931155192532089,-2.2143139839172363,-1897.6669921875
lstm_v2_seed2,3,buy,val,0.73,709,0.6995768688293371,-1.0012354850769043,-709.8759765625
lstm_v2_seed2,3,buy,val,0.74,574,0.6951219512195121,-6.597962379455566,-3787.23046875
lstm_v2_seed2,3,buy,val,0.75,445,0.6966292134831461,-6.398921012878418,-2847.519775390625
lstm_v2_seed2,3,buy,val,0.76,323,0.6904024767801857,-9.009129524230957,-2909.94873046875
lstm_v2_seed2,3,buy,val,0.77,238,0.7184873949579832,-6.195279598236084,-1474.4765625
lstm_v2_seed2,3,buy,val,0.78,151,0.7218543046357616,-9.753739356994629,-1472.8145751953125
lstm_v2_seed2,3,buy,val,0.79,96,0.7291666666666666,-9.2703218460083,-889.950927734375
lstm_v2_seed2,3,buy,val,0.8,53,0.7358490566037735,-13.737744331359863,-728.1004638671875
lstm_v2_seed2,3,buy,val,0.81,26,0.7692307692307693,-27.24871826171875,-708.4666748046875
lstm_v2_seed2,3,buy,val,0.82,9,0.8888888888888888,13.981465339660645,125.83319091796875
lstm_v2_seed2,3,buy,val,0.83,3,1.0,85.88086700439453,257.6426086425781
lstm_v2_seed2,3,buy,val,0.84,0,,,0.0
lstm_v2_seed2,3,buy,val,0.85,0,,,0.0
lstm_v2_seed2,3,buy,val,0.0,11442,0.5404649536794267,-0.14085613191127777,-1611.67578125
lstm_v2_seed2,3,buy,test,0.5,11740,0.6192504258943782,9.52802848815918,111859.0546875
lstm_v2_seed2,3,buy,test,0.51,11301,0.6241925493319175,10.216459274291992,115456.2109375
lstm_v2_seed2,3,buy,test,0.52,10823,0.6284763928670424,10.318134307861328,111673.1640625
lstm_v2_seed2,3,buy,test,0.53,10353,0.6306384622814644,10.16601276397705,105248.734375
lstm_v2_seed2,3,buy,test,0.54,9858,0.6361330898762426,10.672843933105469,105212.8984375
lstm_v2_seed2,3,buy,test,0.55,9352,0.6411462788708298,11.262104988098145,105323.203125
lstm_v2_seed2,3,buy,test,0.56,8885,0.6470455824423185,12.811479568481445,113830.0
lstm_v2_seed2,3,buy,test,0.57,8455,0.6487285629804849,12.36890983581543,104579.1328125
lstm_v2_seed2,3,buy,test,0.58,7952,0.6517857142857143,12.28868579864502,97719.6328125
lstm_v2_seed2,3,buy,test,0.59,7520,0.654122340425532,12.390424728393555,93175.9921875
lstm_v2_seed2,3,buy,test,0.6,7052,0.6625070901871809,14.22201156616211,100293.625
lstm_v2_seed2,3,buy,test,0.61,6623,0.6673712818964216,14.699491500854492,97354.734375
lstm_v2_seed2,3,buy,test,0.62,6195,0.6716707021791768,14.838471412658691,91924.328125
lstm_v2_seed2,3,buy,test,0.63,5743,0.6750827093853387,15.7330904006958,90355.140625
lstm_v2_seed2,3,buy,test,0.64,5291,0.6794556794556794,16.0217342376709,84771.0
lstm_v2_seed2,3,buy,test,0.65,4825,0.6858031088082902,17.15599822998047,82777.6875
lstm_v2_seed2,3,buy,test,0.66,4375,0.6891428571428572,16.254438400268555,71113.171875
lstm_v2_seed2,3,buy,test,0.67,3981,0.6907812107510676,16.048452377319336,63888.890625
lstm_v2_seed2,3,buy,test,0.68,3606,0.6932889628397116,15.746915817260742,56783.37890625
lstm_v2_seed2,3,buy,test,0.69,3191,0.6969602005640865,15.583581924438477,49727.2109375
lstm_v2_seed2,3,buy,test,0.7,2846,0.6946591707659874,12.767446517944336,36336.15234375
lstm_v2_seed2,3,buy,test,0.71,2495,0.6993987975951904,14.046772956848145,35046.69921875
lstm_v2_seed2,3,buy,test,0.72,2146,0.7050326188257223,13.918476104736328,29869.048828125
lstm_v2_seed2,3,buy,test,0.73,1806,0.7059800664451827,12.268989562988281,22157.794921875
lstm_v2_seed2,3,buy,test,0.74,1511,0.7088021178027796,11.520503044128418,17407.48046875
lstm_v2_seed2,3,buy,test,0.75,1238,0.7172859450726979,14.411511421203613,17841.451171875
lstm_v2_seed2,3,buy,test,0.76,988,0.7165991902834008,10.178133964538574,10055.99609375
lstm_v2_seed2,3,buy,test,0.77,775,0.7212903225806452,10.341541290283203,8014.6943359375
lstm_v2_seed2,3,buy,test,0.78,563,0.7246891651865008,12.009902000427246,6761.57470703125
lstm_v2_seed2,3,buy,test,0.79,392,0.7397959183673469,13.082087516784668,5128.17822265625
lstm_v2_seed2,3,buy,test,0.8,280,0.75,13.980916023254395,3914.656494140625
lstm_v2_seed2,3,buy,test,0.81,186,0.7688172043010753,24.426450729370117,4543.31982421875
lstm_v2_seed2,3,buy,test,0.82,120,0.75,17.128454208374023,2055.41455078125
lstm_v2_seed2,3,buy,test,0.83,64,0.828125,48.22168731689453,3086.18798828125
lstm_v2_seed2,3,buy,test,0.84,24,0.7083333333333334,22.405385971069336,537.729248046875
lstm_v2_seed2,3,buy,test,0.85,6,0.5,-46.68938064575195,-280.13629150390625
lstm_v2_seed2,3,buy,test,0.0,25286,0.5314798702839516,5.37785005569458,135984.3125
lstm_v2_seed2,3,sell,val,0.5,6006,0.6250416250416251,-3.286794662475586,-19740.48828125
lstm_v2_seed2,3,sell,val,0.51,5708,0.626489138051857,-3.77248215675354,-21533.328125
lstm_v2_seed2,3,sell,val,0.52,5423,0.6300940438871473,-3.69248628616333,-20024.353515625
lstm_v2_seed2,3,sell,val,0.53,5162,0.6363812475784579,-3.049647092819214,-15742.2783203125
lstm_v2_seed2,3,sell,val,0.54,4876,0.6400738310090238,-2.695661783218384,-13144.046875
lstm_v2_seed2,3,sell,val,0.55,4585,0.64340239912759,-2.5941996574401855,-11894.4052734375
lstm_v2_seed2,3,sell,val,0.56,4300,0.6469767441860466,-2.5796773433685303,-11092.6123046875
lstm_v2_seed2,3,sell,val,0.57,4037,0.6519692841218727,-2.0615155696868896,-8322.337890625
lstm_v2_seed2,3,sell,val,0.58,3765,0.6549800796812749,-2.447453737258911,-9214.6630859375
lstm_v2_seed2,3,sell,val,0.59,3481,0.6604424016087331,-1.6422529220581055,-5716.6826171875
lstm_v2_seed2,3,sell,val,0.6,3205,0.6620904836193447,-2.7705113887786865,-8879.4892578125
lstm_v2_seed2,3,sell,val,0.61,2927,0.6645029039972669,-2.6129631996154785,-7648.14306640625
lstm_v2_seed2,3,sell,val,0.62,2658,0.6670428893905191,-3.0894064903259277,-8211.642578125
lstm_v2_seed2,3,sell,val,0.63,2401,0.6676384839650146,-2.9613711833953857,-7110.251953125
lstm_v2_seed2,3,sell,val,0.64,2163,0.6675913083680074,-3.0086982250213623,-6507.814453125
lstm_v2_seed2,3,sell,val,0.65,1939,0.669417225373904,-2.095327854156494,-4062.8408203125
lstm_v2_seed2,3,sell,val,0.66,1683,0.6660724896019014,-5.035427570343018,-8474.625
lstm_v2_seed2,3,sell,val,0.67,1442,0.6712898751733704,-7.12239408493042,-10270.4921875
lstm_v2_seed2,3,sell,val,0.68,1223,0.6843826655764513,-5.567789077758789,-6809.40625
lstm_v2_seed2,3,sell,val,0.69,1016,0.687007874015748,-3.5113866329193115,-3567.56884765625
lstm_v2_seed2,3,sell,val,0.7,813,0.6998769987699877,-1.5631895065307617,-1270.873046875
lstm_v2_seed2,3,sell,val,0.71,632,0.6977848101265823,-5.030134201049805,-3179.044921875
lstm_v2_seed2,3,sell,val,0.72,500,0.676,-15.102210998535156,-7551.10546875
lstm_v2_seed2,3,sell,val,0.73,381,0.6797900262467191,-14.59223747253418,-5559.642578125
lstm_v2_seed2,3,sell,val,0.74,263,0.688212927756654,-9.642284393310547,-2535.9208984375
lstm_v2_seed2,3,sell,val,0.75,166,0.6807228915662651,-18.917984008789062,-3140.38525390625
lstm_v2_seed2,3,sell,val,0.76,107,0.6728971962616822,-27.337736129760742,-2925.1376953125
lstm_v2_seed2,3,sell,val,0.77,67,0.7164179104477612,-14.540635108947754,-974.2225341796875
lstm_v2_seed2,3,sell,val,0.78,36,0.8055555555555556,-1.14435613155365,-41.19681930541992
lstm_v2_seed2,3,sell,val,0.79,14,0.7857142857142857,29.00882911682129,406.12359619140625
lstm_v2_seed2,3,sell,val,0.8,4,1.0,68.7061538696289,274.8246154785156
lstm_v2_seed2,3,sell,val,0.81,2,1.0,63.526390075683594,127.05278015136719
lstm_v2_seed2,3,sell,val,0.82,0,,,0.0
lstm_v2_seed2,3,sell,val,0.83,0,,,0.0
lstm_v2_seed2,3,sell,val,0.84,0,,,0.0
lstm_v2_seed2,3,sell,val,0.85,0,,,0.0
lstm_v2_seed2,3,sell,val,0.0,11827,0.5341168512725121,-5.650143146514893,-66824.2421875
lstm_v2_seed2,3,sell,test,0.5,11669,0.5991944468249207,-2.152272939682007,-25114.873046875
lstm_v2_seed2,3,sell,test,0.51,11093,0.6052465518795637,-1.7396737337112427,-19298.201171875
lstm_v2_seed2,3,sell,test,0.52,10508,0.6104872478111915,-1.2423949241638184,-13055.0859375
lstm_v2_seed2,3,sell,test,0.53,9888,0.6140776699029126,-1.4872891902923584,-14706.3154296875
lstm_v2_seed2,3,sell,test,0.54,9287,0.6151609777107785,-2.016958713531494,-18731.49609375
lstm_v2_seed2,3,sell,test,0.55,8701,0.616595793586944,-2.833977460861206,-24658.4375
lstm_v2_seed2,3,sell,test,0.56,8136,0.6200835791543756,-2.533724784851074,-20614.384765625
lstm_v2_seed2,3,sell,test,0.57,7531,0.6262116584782897,-1.367663860321045,-10299.876953125
lstm_v2_seed2,3,sell,test,0.58,6974,0.6279036420992257,-2.019627094268799,-14084.87890625
lstm_v2_seed2,3,sell,test,0.59,6388,0.6363494051346275,-0.7770707011222839,-4963.927734375
lstm_v2_seed2,3,sell,test,0.6,5878,0.6429057502551888,0.4452337622642517,2617.083984375
lstm_v2_seed2,3,sell,test,0.61,5358,0.6440836132885405,-0.49139976501464844,-2632.919921875
lstm_v2_seed2,3,sell,test,0.62,4878,0.6449364493644937,-1.462565302848816,-7134.3935546875
lstm_v2_seed2,3,sell,test,0.63,4372,0.6573650503202195,0.6362271308898926,2781.5849609375
lstm_v2_seed2,3,sell,test,0.64,3927,0.6600458365164248,0.3009043335914612,1181.6513671875
lstm_v2_seed2,3,sell,test,0.65,3452,0.6683082271147162,1.8070998191833496,6238.1083984375
lstm_v2_seed2,3,sell,test,0.66,2913,0.6903535873669756,7.047819137573242,20530.296875
lstm_v2_seed2,3,sell,test,0.67,2538,0.6855791962174941,3.831874370574951,9725.296875
lstm_v2_seed2,3,sell,test,0.68,2155,0.6867749419953596,1.9060044288635254,4107.439453125
lstm_v2_seed2,3,sell,test,0.69,1788,0.6929530201342282,-0.12084974348545074,-216.079345703125
lstm_v2_seed2,3,sell,test,0.7,1461,0.7063655030800822,4.724281311035156,6902.17529296875
lstm_v2_seed2,3,sell,test,0.71,1149,0.7145343777197564,3.172680616378784,3645.409912109375
lstm_v2_seed2,3,sell,test,0.72,911,0.721185510428101,3.587728261947632,3268.42041015625
lstm_v2_seed2,3,sell,test,0.73,679,0.7304860088365243,7.408050537109375,5030.06640625
lstm_v2_seed2,3,sell,test,0.74,499,0.7234468937875751,0.3131874203681946,156.280517578125
lstm_v2_seed2,3,sell,test,0.75,334,0.718562874251497,-5.024954319000244,-1678.334716796875
lstm_v2_seed2,3,sell,test,0.76,219,0.7488584474885844,3.364633560180664,736.854736328125
lstm_v2_seed2,3,sell,test,0.77,134,0.7686567164179104,9.871607780456543,1322.79541015625
lstm_v2_seed2,3,sell,test,0.78,65,0.7384615384615385,8.901104927062988,578.5718383789062
lstm_v2_seed2,3,sell,test,0.79,31,0.6774193548387096,-12.95791244506836,-401.6952819824219
lstm_v2_seed2,3,sell,test,0.8,11,0.7272727272727273,-14.69347858428955,-161.62826538085938
lstm_v2_seed2,3,sell,test,0.81,0,,,0.0
lstm_v2_seed2,3,sell,test,0.82,0,,,0.0
lstm_v2_seed2,3,sell,test,0.83,0,,,0.0
lstm_v2_seed2,3,sell,test,0.84,0,,,0.0
lstm_v2_seed2,3,sell,test,0.85,0,,,0.0
lstm_v2_seed2,3,sell,test,0.0,23688,0.5183215130023641,-2.5486481189727783,-60372.375
lstm_v2_seed2,4,buy,val,0.5,7135,0.5672039243167484,-0.5707417130470276,-4072.2421875
lstm_v2_seed2,4,buy,val,0.51,6837,0.5721807810443177,-0.1291419267654419,-882.943359375
lstm_v2_seed2,4,buy,val,0.52,6539,0.5750114696436764,0.02832658588886261,185.2275390625
lstm_v2_seed2,4,buy,val,0.53,6243,0.5782476373538363,0.12230854481458664,763.572265625
lstm_v2_seed2,4,buy,val,0.54,5954,0.5806180718844475,0.03254574164748192,193.77734375
lstm_v2_seed2,4,buy,val,0.55,5671,0.5813789455122553,-0.7430037260055542,-4213.57421875
lstm_v2_seed2,4,buy,val,0.56,5316,0.5840857787810384,-1.8378039598464966,-9769.765625
lstm_v2_seed2,4,buy,val,0.57,4981,0.589038345713712,-1.2533241510391235,-6242.8076171875
lstm_v2_seed2,4,buy,val,0.58,4646,0.5906155832974602,-2.2536842823028564,-10470.6171875
lstm_v2_seed2,4,buy,val,0.59,4262,0.5926794931956828,-3.5267255306243896,-15030.904296875
lstm_v2_seed2,4,buy,val,0.6,3940,0.5954314720812183,-4.525166034698486,-17829.154296875
lstm_v2_seed2,4,buy,val,0.61,3521,0.6006816245384834,-4.15964412689209,-14646.1064453125
lstm_v2_seed2,4,buy,val,0.62,3212,0.6033623910336239,-4.491842746734619,-14427.798828125
lstm_v2_seed2,4,buy,val,0.63,2906,0.6087405368203717,-3.788311719894409,-11008.833984375
lstm_v2_seed2,4,buy,val,0.64,2575,0.6120388349514563,-6.158010482788086,-15856.876953125
lstm_v2_seed2,4,buy,val,0.65,2265,0.6194260485651214,-6.343204975128174,-14367.359375
lstm_v2_seed2,4,buy,val,0.66,1995,0.6175438596491228,-8.32883071899414,-16616.017578125
lstm_v2_seed2,4,buy,val,0.67,1739,0.61644623346751,-9.606463432312012,-16705.640625
lstm_v2_seed2,4,buy,val,0.68,1490,0.6194630872483221,-12.039867401123047,-17939.40234375
lstm_v2_seed2,4,buy,val,0.69,1234,0.6353322528363047,-10.068601608276367,-12424.654296875
lstm_v2_seed2,4,buy,val,0.7,1007,0.6564051638530288,-4.916867733001709,-4951.28564453125
lstm_v2_seed2,4,buy,val,0.71,856,0.6682242990654206,-4.291901111602783,-3673.8671875
lstm_v2_seed2,4,buy,val,0.72,653,0.6539050535987749,-11.265360832214355,-7356.28076171875
lstm_v2_seed2,4,buy,val,0.73,483,0.6418219461697723,-17.96645736694336,-8677.798828125
lstm_v2_seed2,4,buy,val,0.74,349,0.670487106017192,-11.614123344421387,-4053.3291015625
lstm_v2_seed2,4,buy,val,0.75,225,0.6622222222222223,-22.331777572631836,-5024.64990234375
lstm_v2_seed2,4,buy,val,0.76,159,0.6415094339622641,-36.7889289855957,-5849.439453125
lstm_v2_seed2,4,buy,val,0.77,86,0.5697674418604651,-58.71184539794922,-5049.21875
lstm_v2_seed2,4,buy,val,0.78,39,0.48717948717948717,-100.3543701171875,-3913.820556640625
lstm_v2_seed2,4,buy,val,0.79,19,0.47368421052631576,-124.22843933105469,-2360.34033203125
lstm_v2_seed2,4,buy,val,0.8,8,0.5,-134.7447509765625,-1077.9580078125
lstm_v2_seed2,4,buy,val,0.81,1,0.0,-473.0100402832031,-473.0100402832031
lstm_v2_seed2,4,buy,val,0.82,1,0.0,-473.0100402832031,-473.0100402832031
lstm_v2_seed2,4,buy,val,0.83,0,,,0.0
lstm_v2_seed2,4,buy,val,0.84,0,,,0.0
lstm_v2_seed2,4,buy,val,0.85,0,,,0.0
lstm_v2_seed2,4,buy,val,0.0,10732,0.5245061498322773,1.7722415924072266,19019.697265625
lstm_v2_seed2,4,buy,test,0.5,15143,0.5867397477382289,5.330267906188965,80716.25
lstm_v2_seed2,4,buy,test,0.51,14599,0.5900404137269676,5.299012184143066,77360.28125
lstm_v2_seed2,4,buy,test,0.52,14051,0.5927691979218561,5.2511210441589355,73783.5
lstm_v2_seed2,4,buy,test,0.53,13435,0.5955340528470413,5.257206916809082,70630.578125
lstm_v2_seed2,4,buy,test,0.54,12804,0.5994220556076226,5.55031681060791,71066.2578125
lstm_v2_seed2,4,buy,test,0.55,12225,0.6009815950920245,4.996036052703857,61076.5390625
lstm_v2_seed2,4,buy,test,0.56,11632,0.6029917469050894,4.326280117034912,50323.2890625
lstm_v2_seed2,4,buy,test,0.57,11068,0.6060715576436574,4.091623783111572,45286.08984375
lstm_v2_seed2,4,buy,test,0.58,10413,0.6079900124843945,3.4138150215148926,35548.0546875
lstm_v2_seed2,4,buy,test,0.59,9754,0.6116465039983596,3.441183090209961,33565.30078125
lstm_v2_seed2,4,buy,test,0.6,9114,0.619267061663375,4.235221862792969,38599.8125
lstm_v2_seed2,4,buy,test,0.61,8525,0.6229912023460411,4.610159397125244,39301.609375
lstm_v2_seed2,4,buy,test,0.62,7931,0.6270331610137435,4.117905616760254,32659.109375
lstm_v2_seed2,4,buy,test,0.63,7335,0.6312201772324472,4.110049247741699,30147.212890625
lstm_v2_seed2,4,buy,test,0.64,6728,0.6352556480380499,3.93915057182312,26502.60546875
lstm_v2_seed2,4,buy,test,0.65,6051,0.6443563047430176,5.622522830963135,34021.88671875
lstm_v2_seed2,4,buy,test,0.66,5458,0.651887138145841,5.920675754547119,32315.048828125
lstm_v2_seed2,4,buy,test,0.67,4864,0.6638569078947368,8.068342208862305,39244.41796875
lstm_v2_seed2,4,buy,test,0.68,4300,0.6690697674418604,7.210238933563232,31004.02734375
lstm_v2_seed2,4,buy,test,0.69,3798,0.6766719325961033,7.650417804718018,29056.287109375
lstm_v2_seed2,4,buy,test,0.7,3290,0.6860182370820669,9.4118070602417,30964.84375
lstm_v2_seed2,4,buy,test,0.71,2872,0.6908077994428969,9.441515922546387,27116.033203125
lstm_v2_seed2,4,buy,test,0.72,2473,0.6947027901334412,8.296735763549805,20517.828125
lstm_v2_seed2,4,buy,test,0.73,2041,0.7045565899069084,10.36871337890625,21162.544921875
lstm_v2_seed2,4,buy,test,0.74,1674,0.7150537634408602,9.954133987426758,16663.220703125
lstm_v2_seed2,4,buy,test,0.75,1339,0.7169529499626587,9.878799438476562,13227.7119140625
lstm_v2_seed2,4,buy,test,0.76,1009,0.7413280475718533,17.605113983154297,17763.560546875
lstm_v2_seed2,4,buy,test,0.77,734,0.7343324250681199,12.863321304321289,9441.677734375
lstm_v2_seed2,4,buy,test,0.78,515,0.7456310679611651,14.283504486083984,7356.0048828125
lstm_v2_seed2,4,buy,test,0.79,318,0.7484276729559748,9.090278625488281,2890.70849609375
lstm_v2_seed2,4,buy,test,0.8,158,0.7721518987341772,15.334365844726562,2422.829833984375
lstm_v2_seed2,4,buy,test,0.81,85,0.7176470588235294,-0.37781763076782227,-32.114498138427734
lstm_v2_seed2,4,buy,test,0.82,30,0.6333333333333333,-13.885245323181152,-416.557373046875
lstm_v2_seed2,4,buy,test,0.83,3,1.0,82.54232025146484,247.626953125
lstm_v2_seed2,4,buy,test,0.84,0,,,0.0
lstm_v2_seed2,4,buy,test,0.85,0,,,0.0
lstm_v2_seed2,4,buy,test,0.0,25286,0.5314798702839516,5.37785005569458,135984.3125
lstm_v2_seed2,4,sell,val,0.5,5301,0.5587624976419544,-20.609315872192383,-109249.984375
lstm_v2_seed2,4,sell,val,0.51,4988,0.5629510825982358,-21.27680778503418,-106128.71875
lstm_v2_seed2,4,sell,val,0.52,4680,0.5694444444444444,-21.068347930908203,-98599.8671875
lstm_v2_seed2,4,sell,val,0.53,4397,0.5722083238571753,-22.408357620239258,-98529.546875
lstm_v2_seed2,4,sell,val,0.54,4104,0.5748050682261209,-23.714136123657227,-97322.8125
lstm_v2_seed2,4,sell,val,0.55,3814,0.5791819611955952,-23.558935165405273,-89853.78125
lstm_v2_seed2,4,sell,val,0.56,3541,0.5905111550409489,-20.96351432800293,-74231.8046875
lstm_v2_seed2,4,sell,val,0.57,3327,0.5924256086564472,-21.681652069091797,-72134.859375
lstm_v2_seed2,4,sell,val,0.58,3060,0.5954248366013072,-22.460750579833984,-68729.8984375
lstm_v2_seed2,4,sell,val,0.59,2809,0.6012815948736205,-22.35826301574707,-62804.36328125
lstm_v2_seed2,4,sell,val,0.6,2578,0.6089992242048099,-20.905004501342773,-53893.1015625
lstm_v2_seed2,4,sell,val,0.61,2360,0.613135593220339,-20.71148681640625,-48879.109375
lstm_v2_seed2,4,sell,val,0.62,2152,0.6133828996282528,-22.58283042907715,-48598.25
lstm_v2_seed2,4,sell,val,0.63,1948,0.614476386036961,-23.961585998535156,-46677.16796875
lstm_v2_seed2,4,sell,val,0.64,1763,0.6222348269994328,-22.62791633605957,-39893.015625
lstm_v2_seed2,4,sell,val,0.65,1599,0.624765478424015,-23.669065475463867,-37846.8359375
lstm_v2_seed2,4,sell,val,0.66,1435,0.6229965156794425,-25.068395614624023,-35973.1484375
lstm_v2_seed2,4,sell,val,0.67,1287,0.6247086247086248,-26.100093841552734,-33590.8203125
lstm_v2_seed2,4,sell,val,0.68,1124,0.6254448398576512,-26.412879943847656,-29688.076171875
lstm_v2_seed2,4,sell,val,0.69,986,0.6277890466531441,-26.860370635986328,-26484.326171875
lstm_v2_seed2,4,sell,val,0.7,849,0.6419316843345112,-21.51655387878418,-18267.5546875
lstm_v2_seed2,4,sell,val,0.71,734,0.6430517711171662,-21.851314544677734,-16038.8642578125
lstm_v2_seed2,4,sell,val,0.72,626,0.6565495207667732,-17.175552368164062,-10751.8955078125
lstm_v2_seed2,4,sell,val,0.73,505,0.6554455445544555,-17.938493728637695,-9058.939453125
lstm_v2_seed2,4,sell,val,0.74,407,0.6683046683046683,-12.991122245788574,-5287.38671875
lstm_v2_seed2,4,sell,val,0.75,303,0.6732673267326733,-10.40886116027832,-3153.885009765625
lstm_v2_seed2,4,sell,val,0.76,226,0.6548672566371682,-16.42363739013672,-3711.7421875
lstm_v2_seed2,4,sell,val,0.77,155,0.6709677419354839,-16.957843780517578,-2628.4658203125
lstm_v2_seed2,4,sell,val,0.78,117,0.6837606837606838,-15.670112609863281,-1833.4031982421875
lstm_v2_seed2,4,sell,val,0.79,88,0.7272727272727273,6.778426647186279,596.5015258789062
lstm_v2_seed2,4,sell,val,0.8,57,0.6842105263157895,-12.617705345153809,-719.209228515625
lstm_v2_seed2,4,sell,val,0.81,41,0.7560975609756098,2.3232314586639404,95.25248718261719
lstm_v2_seed2,4,sell,val,0.82,20,0.7,-23.100305557250977,-462.006103515625
lstm_v2_seed2,4,sell,val,0.83,8,0.5,-98.1935043334961,-785.5480346679688
lstm_v2_seed2,4,sell,val,0.84,1,0.0,-315.8465881347656,-315.8465881347656
lstm_v2_seed2,4,sell,val,0.85,0,,,0.0
lstm_v2_seed2,4,sell,val,0.0,12103,0.4938445013632984,-10.413779258728027,-126037.96875
lstm_v2_seed2,4,sell,test,0.5,9966,0.6148906281356612,-1.9068777561187744,-19003.943359375
lstm_v2_seed2,4,sell,test,0.51,9418,0.618071777447441,-2.448005437850952,-23055.314453125
lstm_v2_seed2,4,sell,test,0.52,8878,0.6219869339941428,-2.7342703342437744,-24274.8515625
lstm_v2_seed2,4,sell,test,0.53,8394,0.626518942101501,-2.3796350955963135,-19974.65625
lstm_v2_seed2,4,sell,test,0.54,7872,0.6302083333333334,-2.816100597381592,-22168.34375
lstm_v2_seed2,4,sell,test,0.55,7332,0.6357064920894708,-2.3533809185028076,-17254.98828125
lstm_v2_seed2,4,sell,test,0.56,6864,0.6401515151515151,-2.2637150287628174,-15538.140625
lstm_v2_seed2,4,sell,test,0.57,6495,0.6464973056197074,-1.0056233406066895,-6531.52392578125
lstm_v2_seed2,4,sell,test,0.58,6079,0.6479684158578713,-1.1270933151245117,-6851.6005859375
lstm_v2_seed2,4,sell,test,0.59,5702,0.6529287969133637,-1.1048247814178467,-6299.7109375
lstm_v2_seed2,4,sell,test,0.6,5332,0.6562265566391597,-0.7534503936767578,-4017.3974609375
lstm_v2_seed2,4,sell,test,0.61,4981,0.6583015458743224,-1.7939174175262451,-8935.5029296875
lstm_v2_seed2,4,sell,test,0.62,4582,0.6601920558707988,-2.46472430229187,-11293.3671875
lstm_v2_seed2,4,sell,test,0.63,4195,0.6598331346841478,-3.9563217163085938,-16596.76953125
lstm_v2_seed2,4,sell,test,0.64,3826,0.6646628332462101,-3.620955228805542,-13853.7744140625
lstm_v2_seed2,4,sell,test,0.65,3464,0.6662817551963048,-4.00557279586792,-13875.3037109375
lstm_v2_seed2,4,sell,test,0.66,3184,0.6727386934673367,-2.434126853942871,-7750.259765625
lstm_v2_seed2,4,sell,test,0.67,2880,0.6774305555555555,-2.1949071884155273,-6321.33251953125
lstm_v2_seed2,4,sell,test,0.68,2572,0.6866251944012441,-1.4618085622787476,-3759.771484375
lstm_v2_seed2,4,sell,test,0.69,2289,0.7020532983835737,2.7287285327911377,6246.0595703125
lstm_v2_seed2,4,sell,test,0.7,2025,0.7086419753086419,1.984053134918213,4017.70751953125
lstm_v2_seed2,4,sell,test,0.71,1754,0.7172177879133409,3.1486830711364746,5522.7900390625
lstm_v2_seed2,4,sell,test,0.72,1567,0.7243139757498405,3.9339473247528076,6164.49560546875
lstm_v2_seed2,4,sell,test,0.73,1345,0.7330855018587361,5.137181758880615,6909.509765625
lstm_v2_seed2,4,sell,test,0.74,1103,0.7361740707162284,5.916896343231201,6526.3369140625
lstm_v2_seed2,4,sell,test,0.75,890,0.7269662921348314,0.25581637024879456,227.67657470703125
lstm_v2_seed2,4,sell,test,0.76,732,0.7377049180327869,4.013402462005615,2937.810546875
lstm_v2_seed2,4,sell,test,0.77,584,0.7294520547945206,-0.8247513175010681,-481.65478515625
lstm_v2_seed2,4,sell,test,0.78,463,0.7365010799136069,1.0967819690704346,507.81005859375
lstm_v2_seed2,4,sell,test,0.79,357,0.7366946778711485,-0.6440771818161011,-229.935546875
lstm_v2_seed2,4,sell,test,0.8,262,0.7404580152671756,0.5078821778297424,133.06512451171875
lstm_v2_seed2,4,sell,test,0.81,163,0.754601226993865,6.32736873626709,1031.361083984375
lstm_v2_seed2,4,sell,test,0.82,95,0.7578947368421053,4.984952449798584,473.5704650878906
lstm_v2_seed2,4,sell,test,0.83,47,0.851063829787234,50.51495361328125,2374.202880859375
lstm_v2_seed2,4,sell,test,0.84,18,1.0,120.19513702392578,2163.512451171875
lstm_v2_seed2,4,sell,test,0.85,4,1.0,112.34410095214844,449.37640380859375
lstm_v2_seed2,4,sell,test,0.0,23688,0.5183215130023641,-2.5486481189727783,-60372.375
lstm_v2_seed2,5,buy,val,0.5,6335,0.5913180741910024,-16.105998992919922,-102031.5
lstm_v2_seed2,5,buy,val,0.51,6008,0.5957057256990679,-15.98935317993164,-96064.03125
lstm_v2_seed2,5,buy,val,0.52,5706,0.6002453557658605,-16.52791976928711,-94308.3125
lstm_v2_seed2,5,buy,val,0.53,5381,0.6063928637799666,-16.37821388244629,-88131.171875
lstm_v2_seed2,5,buy,val,0.54,5083,0.6102695258705488,-16.85877799987793,-85693.171875
lstm_v2_seed2,5,buy,val,0.55,4814,0.6119651017864561,-17.0008544921875,-81842.109375
lstm_v2_seed2,5,buy,val,0.56,4583,0.614444686886319,-17.519908905029297,-80293.7421875
lstm_v2_seed2,5,buy,val,0.57,4276,0.6159962581852199,-18.1015625,-77402.28125
lstm_v2_seed2,5,buy,val,0.58,3966,0.6222894604135148,-16.532011032104492,-65565.953125
lstm_v2_seed2,5,buy,val,0.59,3650,0.630958904109589,-16.026611328125,-58497.1328125
lstm_v2_seed2,5,buy,val,0.6,3328,0.6346153846153846,-17.36975860595703,-57806.5546875
lstm_v2_seed2,5,buy,val,0.61,3027,0.6392467789890981,-16.377704620361328,-49575.3125
lstm_v2_seed2,5,buy,val,0.62,2721,0.6497611172363101,-14.689187049865723,-39969.27734375
lstm_v2_seed2,5,buy,val,0.63,2459,0.6518910126067508,-14.446954727172852,-35525.0625
lstm_v2_seed2,5,buy,val,0.64,2182,0.653987167736022,-16.52010154724121,-36046.86328125
lstm_v2_seed2,5,buy,val,0.65,1943,0.6634071024189397,-16.85204315185547,-32743.51953125
lstm_v2_seed2,5,buy,val,0.66,1757,0.6727376209447923,-15.516324043273926,-27262.181640625
lstm_v2_seed2,5,buy,val,0.67,1564,0.6707161125319693,-17.970972061157227,-28106.599609375
lstm_v2_seed2,5,buy,val,0.68,1395,0.6745519713261648,-18.590003967285156,-25933.0546875
lstm_v2_seed2,5,buy,val,0.69,1190,0.673109243697479,-20.508834838867188,-24405.513671875
lstm_v2_seed2,5,buy,val,0.7,995,0.6733668341708543,-18.556116104125977,-18463.3359375
lstm_v2_seed2,5,buy,val,0.71,827,0.6686819830713422,-23.123851776123047,-19123.42578125
lstm_v2_seed2,5,buy,val,0.72,665,0.6571428571428571,-27.69600486755371,-18417.84375
lstm_v2_seed2,5,buy,val,0.73,523,0.6481835564053537,-33.415687561035156,-17476.404296875
lstm_v2_seed2,5,buy,val,0.74,408,0.6691176470588235,-26.79153060913086,-10930.9443359375
lstm_v2_seed2,5,buy,val,0.75,309,0.6796116504854369,-26.07893943786621,-8058.39208984375
lstm_v2_seed2,5,buy,val,0.76,221,0.6832579185520362,-33.88197326660156,-7487.91650390625
lstm_v2_seed2,5,buy,val,0.77,157,0.6815286624203821,-39.656883239746094,-6226.13037109375
lstm_v2_seed2,5,buy,val,0.78,112,0.6696428571428571,-38.746402740478516,-4339.59716796875
lstm_v2_seed2,5,buy,val,0.79,68,0.6470588235294118,-50.42713928222656,-3429.04541015625
lstm_v2_seed2,5,buy,val,0.8,40,0.7,-14.179746627807617,-567.1898803710938
lstm_v2_seed2,5,buy,val,0.81,6,0.8333333333333334,77.08206176757812,462.49237060546875
lstm_v2_seed2,5,buy,val,0.82,0,,,0.0
lstm_v2_seed2,5,buy,val,0.83,0,,,0.0
lstm_v2_seed2,5,buy,val,0.84,0,,,0.0
lstm_v2_seed2,5,buy,val,0.85,0,,,0.0
lstm_v2_seed2,5,buy,val,0.0,13830,0.5111352133044107,-10.928608894348145,-151142.65625
lstm_v2_seed2,5,buy,test,0.5,13040,0.5988496932515337,4.871822834014893,63528.5703125
lstm_v2_seed2,5,buy,test,0.51,12450,0.6020883534136546,4.8816752433776855,60776.85546875
lstm_v2_seed2,5,buy,test,0.52,11834,0.6074023998647964,5.126718997955322,60669.58984375
lstm_v2_seed2,5,buy,test,0.53,11173,0.6135326232882843,5.8517913818359375,65382.0625
lstm_v2_seed2,5,buy,test,0.54,10530,0.6194681861348528,6.274916172027588,66074.8671875
lstm_v2_seed2,5,buy,test,0.55,9916,0.6250504235578862,7.018213748931885,69592.609375
lstm_v2_seed2,5,buy,test,0.56,9349,0.6309765750347631,8.358048439025879,78139.390625
lstm_v2_seed2,5,buy,test,0.57,8762,0.6351289659895001,8.160995483398438,71506.640625
lstm_v2_seed2,5,buy,test,0.58,8191,0.6419240629959712,8.819364547729492,72239.4140625
lstm_v2_seed2,5,buy,test,0.59,7590,0.6474308300395257,9.143172264099121,69396.6796875
lstm_v2_seed2,5,buy,test,0.6,6995,0.6507505360972123,8.945903778076172,62576.59375
lstm_v2_seed2,5,buy,test,0.61,6503,0.6541596186375519,8.929916381835938,58071.24609375
lstm_v2_seed2,5,buy,test,0.62,6047,0.6575161236977013,9.151674270629883,55340.17578125
lstm_v2_seed2,5,buy,test,0.63,5509,0.6605554547104737,8.605198860168457,47406.0390625
lstm_v2_seed2,5,buy,test,0.64,5054,0.6648199445983379,8.969355583190918,45331.125
lstm_v2_seed2,5,buy,test,0.65,4613,0.6670279644482983,7.939890384674072,36626.71484375
lstm_v2_seed2,5,buy,test,0.66,4171,0.6691440901462479,6.647834777832031,27728.119140625
lstm_v2_seed2,5,buy,test,0.67,3775,0.6741721854304635,7.120370388031006,26879.3984375
lstm_v2_seed2,5,buy,test,0.68,3385,0.6768094534711965,6.95188570022583,23532.1328125
lstm_v2_seed2,5,buy,test,0.69,2990,0.6775919732441471,5.380814075469971,16088.6337890625
lstm_v2_seed2,5,buy,test,0.7,2639,0.6767715043577113,4.103715419769287,10829.705078125
lstm_v2_seed2,5,buy,test,0.71,2313,0.6722870730652832,3.323334217071533,7686.8720703125
lstm_v2_seed2,5,buy,test,0.72,1994,0.6765295887662989,2.280543804168701,4547.404296875
lstm_v2_seed2,5,buy,test,0.73,1667,0.6766646670665867,0.9304478168487549,1551.0565185546875
lstm_v2_seed2,5,buy,test,0.74,1388,0.6801152737752162,-0.7186566591262817,-997.4954833984375
lstm_v2_seed2,5,buy,test,0.75,1084,0.705719557195572,3.93510103225708,4265.6494140625
lstm_v2_seed2,5,buy,test,0.76,808,0.7128712871287128,2.898381233215332,2341.89208984375
lstm_v2_seed2,5,buy,test,0.77,593,0.7166947723440135,4.17686128616333,2476.878662109375
lstm_v2_seed2,5,buy,test,0.78,414,0.7246376811594203,2.600203514099121,1076.4842529296875
lstm_v2_seed2,5,buy,test,0.79,281,0.701067615658363,-6.395546913146973,-1797.148681640625
lstm_v2_seed2,5,buy,test,0.8,168,0.7321428571428571,7.326273441314697,1230.81396484375
lstm_v2_seed2,5,buy,test,0.81,72,0.7083333333333334,9.507100105285645,684.51123046875
lstm_v2_seed2,5,buy,test,0.82,15,0.7333333333333333,-9.990002632141113,-149.85003662109375
lstm_v2_seed2,5,buy,test,0.83,0,,,0.0
lstm_v2_seed2,5,buy,test,0.84,0,,,0.0
lstm_v2_seed2,5,buy,test,0.85,0,,,0.0
lstm_v2_seed2,5,buy,test,0.0,25286,0.5314798702839516,5.37785005569458,135984.3125
lstm_v2_seed2,5,sell,val,0.5,8281,0.5754135973916193,-8.30753231048584,-68794.671875
lstm_v2_seed2,5,sell,val,0.51,8004,0.5830834582708646,-6.822902679443359,-54610.51171875
lstm_v2_seed2,5,sell,val,0.52,7741,0.5863583516341558,-6.539402484893799,-50621.515625
lstm_v2_seed2,5,sell,val,0.53,7436,0.591715976331361,-6.224750995635986,-46287.25
lstm_v2_seed2,5,sell,val,0.54,7155,0.5984626135569532,-5.161263942718506,-36928.84375
lstm_v2_seed2,5,sell,val,0.55,6920,0.6008670520231214,-5.447800636291504,-37698.78125
lstm_v2_seed2,5,sell,val,0.56,6648,0.6039410348977136,-5.4999494552612305,-36563.6640625
lstm_v2_seed2,5,sell,val,0.57,6373,0.6056802134002824,-5.64473295211792,-35973.8828125
lstm_v2_seed2,5,sell,val,0.58,6143,0.6068696076835423,-5.92812967300415,-36416.5
lstm_v2_seed2,5,sell,val,0.59,5887,0.6093086461695261,-6.323769569396973,-37228.03125
lstm_v2_seed2,5,sell,val,0.6,5619,0.6116746752091119,-6.8635125160217285,-38566.078125
lstm_v2_seed2,5,sell,val,0.61,5352,0.6182735426008968,-5.3494954109191895,-28630.5
lstm_v2_seed2,5,sell,val,0.62,5066,0.6206079747335176,-5.450438022613525,-27611.91796875
lstm_v2_seed2,5,sell,val,0.63,4787,0.6256528096929184,-4.553844451904297,-21799.25390625
lstm_v2_seed2,5,sell,val,0.64,4460,0.6325112107623319,-4.029325008392334,-17970.7890625
lstm_v2_seed2,5,sell,val,0.65,4144,0.6387548262548263,-4.471302032470703,-18529.076171875
lstm_v2_seed2,5,sell,val,0.66,3829,0.6458605379994776,-5.011332988739014,-19188.39453125
lstm_v2_seed2,5,sell,val,0.67,3499,0.6476136038868248,-7.481804847717285,-26178.8359375
lstm_v2_seed2,5,sell,val,0.68,3194,0.6540388227927364,-7.179676532745361,-22931.88671875
lstm_v2_seed2,5,sell,val,0.69,2864,0.6553770949720671,-12.30138111114502,-35231.15625
lstm_v2_seed2,5,sell,val,0.7,2605,0.6683301343570057,-9.045621871948242,-23563.845703125
lstm_v2_seed2,5,sell,val,0.71,2306,0.6756287944492628,-6.667888164520264,-15376.150390625
lstm_v2_seed2,5,sell,val,0.72,2035,0.6889434889434889,-4.368799686431885,-8890.5078125
lstm_v2_seed2,5,sell,val,0.73,1772,0.7003386004514672,-2.490273952484131,-4412.765625
lstm_v2_seed2,5,sell,val,0.74,1503,0.7092481703260146,-0.44936299324035645,-675.392578125
lstm_v2_seed2,5,sell,val,0.75,1271,0.7136113296616837,-1.0484086275100708,-1332.52734375
lstm_v2_seed2,5,sell,val,0.76,1057,0.7105014191106906,-5.174466609954834,-5469.4111328125
lstm_v2_seed2,5,sell,val,0.77,835,0.7197604790419162,0.547337532043457,457.02685546875
lstm_v2_seed2,5,sell,val,0.78,636,0.7295597484276729,-1.623277187347412,-1032.404296875
lstm_v2_seed2,5,sell,val,0.79,432,0.7476851851851852,4.926647186279297,2128.3115234375
lstm_v2_seed2,5,sell,val,0.8,293,0.7440273037542662,-2.0678677558898926,-605.88525390625
lstm_v2_seed2,5,sell,val,0.81,174,0.7701149425287356,9.041646957397461,1573.24658203125
lstm_v2_seed2,5,sell,val,0.82,102,0.8333333333333334,36.562313079833984,3729.35595703125
lstm_v2_seed2,5,sell,val,0.83,40,0.925,68.96928405761719,2758.771240234375
lstm_v2_seed2,5,sell,val,0.84,16,1.0,109.49468994140625,1751.9150390625
lstm_v2_seed2,5,sell,val,0.85,4,1.0,90.32464599609375,361.298583984375
lstm_v2_seed2,5,sell,val,0.0,13010,0.5067640276710222,-8.818535804748535,-114729.15625
lstm_v2_seed2,5,sell,test,0.5,14489,0.5791980122851819,-3.506535053253174,-50806.1875
lstm_v2_seed2,5,sell,test,0.51,13917,0.5836027879571747,-3.3669137954711914,-46857.33984375
lstm_v2_seed2,5,sell,test,0.52,13354,0.5876890819230193,-3.274392604827881,-43726.23828125
lstm_v2_seed2,5,sell,test,0.53,12838,0.5899672846237731,-3.355799436569214,-43081.75390625
lstm_v2_seed2,5,sell,test,0.54,12295,0.5941439609597398,-3.5249624252319336,-43339.4140625
lstm_v2_seed2,5,sell,test,0.55,11759,0.5979249936219067,-3.7714662551879883,-44348.671875
lstm_v2_seed2,5,sell,test,0.56,11206,0.5992325539889345,-4.332266330718994,-48547.37890625
lstm_v2_seed2,5,sell,test,0.57,10615,0.6032030146019783,-4.082006931304932,-43330.50390625
lstm_v2_seed2,5,sell,test,0.58,10054,0.6066242291625223,-4.319114685058594,-43424.37890625
lstm_v2_seed2,5,sell,test,0.59,9487,0.6128386212712132,-3.953490734100342,-37506.765625
lstm_v2_seed2,5,sell,test,0.6,8911,0.6163169116821906,-4.366635799407959,-38911.08984375
lstm_v2_seed2,5,sell,test,0.61,8378,0.6182859871090952,-5.175642490386963,-43361.53125
lstm_v2_seed2,5,sell,test,0.62,7807,0.6203407198667862,-6.255282402038574,-48834.98828125
lstm_v2_seed2,5,sell,test,0.63,7240,0.6258287292817679,-6.204606056213379,-44921.34765625
lstm_v2_seed2,5,sell,test,0.64,6678,0.6272836178496556,-6.963719367980957,-46503.71875
lstm_v2_seed2,5,sell,test,0.65,6124,0.6281841933376878,-8.520099639892578,-52177.08984375
lstm_v2_seed2,5,sell,test,0.66,5541,0.6323768272874932,-9.041253089904785,-50097.5859375
lstm_v2_seed2,5,sell,test,0.67,5035,0.6415094339622641,-7.623629093170166,-38384.97265625
lstm_v2_seed2,5,sell,test,0.68,4492,0.6493766696349065,-6.639445781707764,-29824.390625
lstm_v2_seed2,5,sell,test,0.69,3990,0.6593984962406015,-4.916057586669922,-19615.0703125
lstm_v2_seed2,5,sell,test,0.7,3521,0.6631638738994604,-6.073617458343506,-21385.20703125
lstm_v2_seed2,5,sell,test,0.71,3098,0.6752743705616526,-2.830845355987549,-8769.958984375
lstm_v2_seed2,5,sell,test,0.72,2684,0.6836810730253353,-1.4982796907424927,-4021.3828125
lstm_v2_seed2,5,sell,test,0.73,2284,0.6882661996497373,-2.627328872680664,-6000.8193359375
lstm_v2_seed2,5,sell,test,0.74,1917,0.6948356807511737,-2.1270925998687744,-4077.63671875
lstm_v2_seed2,5,sell,test,0.75,1588,0.6996221662468514,-2.578007221221924,-4093.87548828125
lstm_v2_seed2,5,sell,test,0.76,1270,0.7039370078740157,-1.885717749595642,-2394.861572265625
lstm_v2_seed2,5,sell,test,0.77,1023,0.7057673509286413,-3.4606504440307617,-3540.245361328125
lstm_v2_seed2,5,sell,test,0.78,772,0.7124352331606217,-4.695570468902588,-3624.98046875
lstm_v2_seed2,5,sell,test,0.79,539,0.7179962894248608,-4.540482997894287,-2447.3203125
lstm_v2_seed2,5,sell,test,0.8,373,0.7131367292225201,-10.162832260131836,-3790.736328125
lstm_v2_seed2,5,sell,test,0.81,239,0.7615062761506276,7.722005367279053,1845.559326171875
lstm_v2_seed2,5,sell,test,0.82,136,0.7573529411764706,3.831855297088623,521.13232421875
lstm_v2_seed2,5,sell,test,0.83,85,0.7411764705882353,-1.9283205270767212,-163.90724182128906
lstm_v2_seed2,5,sell,test,0.84,38,0.6842105263157895,-22.424474716186523,-852.1300048828125
lstm_v2_seed2,5,sell,test,0.85,7,0.7142857142857143,-8.488069534301758,-59.41648864746094
lstm_v2_seed2,5,sell,test,0.0,23688,0.5183215130023641,-2.5486481189727783,-60372.375
